State,Industry_Jan,Agriculture/Forestry/Fishing and Hunting_Jan,Mining_Jan,Utilities_Jan,Construction_Jan,Manufacturing_Jan,Wholesale Trade_Jan,Retail Trade_Jan,Transporation and Warehousing_Jan,Information_Jan,Finance and Insurance_Jan,"Real Estate, Rental and Leasing_Jan",Professional/Scientific/Technical Services_Jan,Management of Companies and Enterprises_Jan,Administration and Support/Waste Management and Remedial Services_Jan,Educational Services_Jan,Healthcare and Social Assistance_Jan,"Arts, Entertainment and Recreation_Jan",Accomodation and Food Services_Jan,Other Services (except Public Administration)_Jan,Public Administration_Jan,Information Not Available_Jan,Industry_Feb,Agriculture/Forestry/Fishing and Hunting_Feb,Mining_Feb,Utilities_Feb,Construction_Feb,Manufacturing_Feb,Wholesale Trade_Feb,Retail Trade_Feb,Transporation and Warehousing_Feb,Information_Feb,Finance and Insurance_Feb,"Real Estate, Rental and Leasing_Feb",Professional/Scientific/Technical Services_Feb,Management of Companies and Enterprises_Feb,Administration and Support/Waste Management and Remedial Services_Feb,Educational Services_Feb,Healthcare and Social Assistance_Feb,"Arts, Entertainment and Recreation_Feb",Accomodation and Food Services_Feb,Other Services (except Public Administration)_Feb,Public Administration_Feb,Information Not Available_Feb,Industry_Mar,Agriculture/Forestry/Fishing and Hunting_Mar,Mining_Mar,Utilities_Mar,Construction_Mar,Manufacturing_Mar,Wholesale Trade_Mar,Retail Trade_Mar,Transporation and Warehousing_Mar,Information_Mar,Finance and Insurance_Mar,"Real Estate, Rental and Leasing_Mar",Professional/Scientific/Technical Services_Mar,Management of Companies and Enterprises_Mar,Administration and Support/Waste Management and Remedial Services_Mar,Educational Services_Mar,Healthcare and Social Assistance_Mar,"Arts, Entertainment and Recreation_Mar",Accomodation and Food Services_Mar,Other Services (except Public Administration)_Mar,Public Administration_Mar,Information Not Available_Mar,Industry_Apr,Agriculture/Forestry/Fishing and Hunting_Apr,Mining_Apr,Utilities_Apr,Construction_Apr,Manufacturing_Apr,Wholesale Trade_Apr,Retail Trade_Apr,Transporation and Warehousing_Apr,Information_Apr,Finance and Insurance_Apr,"Real Estate, Rental and Leasing_Apr",Professional/Scientific/Technical Services_Apr,Management of Companies and Enterprises_Apr,Administration and Support/Waste Management and Remedial Services_Apr,Educational Services_Apr,Healthcare and Social Assistance_Apr,"Arts, Entertainment and Recreation_Apr",Accomodation and Food Services_Apr,Other Services (except Public Administration)_Apr,Public Administration_Apr,Information Not Available_Apr,Industry_May,Agriculture/Forestry/Fishing and Hunting_May,Mining_May,Utilities_May,Construction_May,Manufacturing_May,Wholesale Trade_May,Retail Trade_May,Transporation and Warehousing_May,Information_May,Finance and Insurance_May,"Real Estate, Rental and Leasing_May",Professional/Scientific/Technical Services_May,Management of Companies and Enterprises_May,Administration and Support/Waste Management and Remedial Services_May,Educational Services_May,Healthcare and Social Assistance_May,"Arts, Entertainment and Recreation_May",Accomodation and Food Services_May,Other Services (except Public Administration)_May,Public Administration_May,Information Not Available_May
Alabama,0,0,0,0,0,0,0,0,0,0,0,0,0,0,0,0,0,0,0,0,0,0,16059,130,129,30,2000,2866,546,1395,586,150,551,253,668,35,2290,244,1111,102,731,346,153,1743,12487,92,64,26,1369,2273,440,1154,515,138,512,210,588,26,1865,183,954,79,604,264,102,1029,173855,184,126,63,4116,30957,2827,15761,4591,825,1017,1372,3441,672,16366,2458,16316,2736,25827,4977,1004,38219,190205,270,197,98,5560,29309,3411,16624,4544,1217,1405,1635,4294,835,21146,4555,13120,3356,28679,3932,1444,44574
Alaska,8187,79,250,63,1914,695,85,645,462,61,99,148,212,16,390,193,529,134,730,243,914,325,7669,54,236,60,1807,556,95,693,420,41,86,159,225,16,405,181,537,132,675,202,873,216,7853,49,223,52,1774,480,91,690,491,45,89,168,244,19,395,217,618,127,806,219,835,221,42551,169,1166,101,4373,1733,636,5043,2422,358,397,647,1034,71,1854,1567,5584,1264,8741,2072,1878,1441,41229,175,1654,99,3385,2301,669,4616,2476,336,397,608,1126,74,1893,1830,4492,1072,8338,1794,1980,1914
Arkansas,12331,398,136,9,1329,1688,451,1196,520,94,157,153,363,45,1322,138,1052,143,677,270,210,1980,12546,402,131,12,1380,1976,457,1110,534,106,177,123,342,39,1225,150,1008,131,570,251,204,2218,10988,260,86,12,1055,2066,428,1007,468,97,165,122,327,35,975,126,968,72,518,210,198,1793,109159,354,247,55,3119,12522,2742,9761,2129,675,520,790,2019,876,6764,1964,18113,2341,19858,3197,688,20425,118828,419,340,88,3340,13628,3116,11008,2857,916,613,1023,2529,832,8600,2527,16389,2631,20817,2508,1333,23314
Arizona,18744,396,127,67,1609,1001,604,1528,539,292,807,362,1094,91,2939,394,1656,251,1033,364,429,3161,18497,556,121,72,1547,1021,599,1480,523,274,820,327,1116,96,2880,362,1602,235,1005,374,386,3101,18629,963,111,56,1464,975,598,1497,530,262,799,361,1133,99,2793,375,1586,230,1002,347,369,3079,198435,4806,264,85,6674,7628,4534,20997,6012,2722,2452,3530,5573,1374,18247,3356,22488,6102,47166,9744,945,23736,220462,6022,698,105,8235,8039,5478,21153,8370,3121,2950,4147,6685,1402,18953,4085,20173,7055,47336,7888,1224,37343
California,335659,72030,484,968,36499,30206,4841,20138,7552,21396,6971,2033,7552,0,25947,12296,20234,4357,9972,8132,3195,40856,348480,77602,685,979,34251,31707,5187,24563,7535,20551,6654,2349,7731,0,24954,8710,21138,4893,11254,8122,3327,46288,421018,82404,1011,1011,42466,38219,6977,32153,9504,28007,8594,3033,10111,0,33568,12234,26592,5763,15773,9808,3337,50453,1886140,63194,1385,3758,91380,106115,25021,250997,43316,104434,14933,14834,25218,0,88017,66062,167529,31152,134993,95138,6725,551939,2151562,62380,2049,5531,90549,132546,33802,323170,55210,126912,20691,13726,28578,0,105094,76209,197897,57566,177308,114108,10448,517788
Colorado,22095,339,421,25,4556,1131,1020,1486,654,639,727,438,1785,470,3057,462,1562,349,1204,485,687,598,22728,330,432,26,5127,1263,1056,1500,700,651,712,445,1782,482,3032,435,1517,334,1170,517,652,565,22039,242,421,28,4275,1415,1094,1506,695,695,737,463,1883,412,2786,446,1648,326,1265,567,564,571,219166,513,1784,57,9414,7172,5478,24213,4998,2577,1702,4139,7423,1716,10710,3468,24241,11074,49215,12731,1368,35173,253063,586,3311,72,9710,8313,7642,27665,7862,3580,2361,5526,9857,1928,13825,4996,20758,14298,57297,11533,2780,39163
Connecticut,41632,514,41,41,8601,3705,1640,3765,1499,698,1178,609,1497,266,7390,851,3094,1389,3241,1116,413,84,41514,492,47,42,8978,3677,1621,3806,1633,687,1162,793,1456,277,7561,830,3020,1417,2485,1055,405,70,44015,317,45,41,7909,3797,1608,3798,3556,672,1232,809,1452,264,6871,1086,3282,1316,4192,1264,427,77,308504,577,73,104,17770,19129,9982,47490,16067,3307,3397,3535,9619,1751,19190,11651,46998,10145,63717,21375,2336,291,271819,396,47,103,12271,15347,8993,41808,14387,3417,3295,3355,9256,1706,18089,10726,41528,8952,57203,18203,2445,292
Delaware,5702,29,0,7,446,230,206,728,206,53,424,120,431,19,1076,141,613,108,637,137,60,31,5921,36,2,5,477,267,219,797,214,53,419,120,402,31,1180,96,619,116,645,130,58,35,5296,26,2,3,357,210,152,742,217,47,325,98,297,19,896,124,586,108,854,171,40,22,44977,134,9,18,2831,1604,1299,7006,1666,430,2105,762,2195,179,6272,833,5322,1039,8700,2141,242,190,50779,215,9,18,2657,1849,1436,8185,1876,503,2513,799,2522,188,7593,996,5663,1248,9765,2235,287,222
District of Columbia,7165,0,0,0,11,0,1,7,3,0,1,2,7,1,23,2,2,4,23,1,2,7075,7007,0,0,0,13,0,0,10,15,0,2,2,8,1,28,2,5,3,16,1,2,6899,7397,0,0,0,11,0,0,13,6,2,1,1,7,1,24,1,6,5,14,3,1,7301,57688,0,0,0,22,1,4,63,17,9,3,7,20,1,73,11,21,20,117,22,0,57277,72175,0,0,0,33,4,5,94,27,19,4,8,26,4,87,12,30,30,172,32,2,71586
Florida,33345,361,28,48,2371,1358,1284,3026,1086,598,1302,699,2539,385,6365,620,3364,603,2016,850,383,4059,34291,434,49,41,2479,1383,1345,3396,1073,639,1386,733,2580,434,6463,632,3155,560,1844,931,412,4322,34400,360,45,38,2399,1511,1400,3465,1200,710,1553,736,2698,455,6324,638,2990,596,1903,822,370,4187,556966,639,204,109,12771,13009,12757,63976,13671,5826,4510,11751,20355,7397,59549,10232,54156,24823,140645,27264,2125,71197,531847,885,310,141,12587,10444,12072,54792,16363,4921,4831,10793,18482,7572,63592,9830,37308,52936,107900,17766,2614,85708
Georgia,28998,488,21,22,1812,2374,1095,1765,706,382,717,320,5223,22,96,437,1068,1048,171,204,220,10807,26963,420,22,23,1760,1776,1074,1824,641,361,713,284,4954,19,84,384,1018,983,138,199,223,10063,27507,356,18,22,1277,1757,1216,1737,596,365,691,297,4971,23,115,378,1147,1341,224,195,215,10566,758856,1298,373,159,26336,97972,19539,64598,27048,15959,6850,7916,30442,3339,106875,24617,106100,30562,139920,34272,3518,11163,731762,524,264,120,16851,58343,25123,92620,38087,20483,2632,11135,19285,5238,71135,39389,96625,29020,166015,27849,5373,5651
Hawaii,6405,38,2,14,2467,124,95,273,202,153,63,111,169,9,763,64,247,89,528,120,63,811,6221,68,1,10,2386,130,87,307,232,131,55,115,166,12,692,57,231,88,491,115,58,789,6472,75,2,11,2066,153,78,286,211,356,60,116,152,5,722,43,202,102,800,116,69,847,68479,210,4,20,3007,1454,1030,6765,4289,712,168,1016,943,191,6925,387,3638,1747,27062,2570,1371,4970,128074,370,6,41,3854,2230,1981,13238,7707,1330,394,2138,1841,429,12497,822,4506,3530,46079,4918,3526,16637
Idaho,10733,704,111,49,2871,1135,324,805,357,81,120,101,303,16,1801,90,411,232,419,175,302,326,10241,753,87,43,2637,1045,335,773,350,102,127,95,326,18,1680,71,422,197,407,165,285,323,7747,725,61,19,1781,792,267,557,404,85,119,68,288,13,974,79,421,127,346,151,209,261,61568,949,224,24,4383,4952,1554,8632,2250,731,616,752,1716,116,3711,1557,9573,1718,13613,3139,567,791,52790,633,273,24,2910,4048,1506,7170,2342,758,582,711,1606,120,3207,1652,7129,1487,12581,2636,518,897
Illinois,132760,1021,733,296,34291,11443,4610,6926,7226,1790,3230,1476,6768,978,23540,1785,5927,3046,6197,2564,1872,7041,132167,993,758,311,34171,11962,4781,7262,6706,1672,3198,1537,6807,979,23489,1703,6035,2868,5556,2469,1834,7076,127043,876,646,281,31333,11473,4667,7125,6517,1766,3229,1443,6710,1049,22883,1575,6072,2748,5697,2480,1792,6681,682580,946,1101,493,50106,69876,21346,77179,23838,6975,6488,8237,26287,5045,51654,11275,65176,23140,99771,35987,5332,92328,764194,814,1046,505,39365,73408,24404,90019,33658,9598,7554,9713,32427,5884,62628,14759,77394,29004,116426,38178,7137,90273
Indiana,21382,88,101,31,6547,3395,659,1215,1319,228,385,251,727,110,2159,321,1034,208,449,428,195,1532,23049,85,168,34,7080,3871,702,1276,1344,215,393,269,723,125,2394,296,1103,226,528,428,222,1567,20987,66,125,38,6064,3534,733,1270,1302,252,403,292,760,120,2119,325,1149,214,610,397,194,1020,254166,326,399,56,13281,83371,6883,21356,6189,1236,1178,2227,5201,1987,12796,1738,25660,6328,36876,12132,702,14244,253984,412,427,74,11938,75768,7842,23108,7517,1629,1500,2680,5725,2267,16373,2314,18130,9137,39276,10289,877,16701
Iowa,29242,249,643,39,11423,4711,837,1492,1030,242,498,258,681,104,3224,196,1026,530,887,452,531,189,30291,239,609,57,12715,4409,837,1581,1025,305,457,262,673,122,3320,201,1009,481,806,458,511,214,27535,195,421,55,11030,4208,754,1436,1134,302,450,246,629,131,2959,213,998,374,909,487,416,188,174152,423,325,102,12673,23665,4096,20626,3693,2016,1413,1638,3779,704,8241,6106,28544,5056,32481,8405,1273,8893,179954,480,214,115,8490,30804,4257,19518,3979,2210,1560,1693,3861,907,8942,6966,25427,6287,32230,7618,1467,12929
Kansas,11254,47,162,19,2876,1553,304,659,469,106,273,187,523,68,1634,127,731,78,452,155,203,628,12196,47,157,10,3125,2073,341,713,487,121,256,196,542,53,1688,145,761,83,377,184,221,616,10259,37,135,12,2280,1711,330,650,433,123,286,179,603,58,1262,141,753,61,431,168,196,410,119962,128,570,129,5642,27964,2530,13640,3673,1277,1050,1683,3705,173,7066,2299,13672,3814,19540,8164,1013,2230,103865,146,612,59,4599,20255,2827,12400,3859,1353,1044,1606,3672,190,7752,2679,9664,3824,17301,5881,1481,2661
Kentucky,22874,148,1034,51,5020,3805,724,1373,1021,225,563,326,869,182,2368,229,1330,424,924,398,432,1428,23623,142,891,54,5689,4108,858,1615,1176,238,544,318,845,209,2184,197,1309,335,979,326,322,1284,22328,220,1155,41,4284,3941,751,1518,1032,200,624,277,783,216,2240,216,1314,469,816,281,383,1567,190030,235,2274,86,6801,48840,4229,15027,5278,849,1186,1243,3109,1252,7916,3058,19963,2867,17745,4357,915,42800,197703,212,1780,102,6265,46449,4660,16616,7082,1042,1356,1554,3857,1588,9944,5110,19933,3037,18259,4571,1916,42370
Louisiana,12755,317,296,35,2726,1039,359,1029,506,158,225,248,557,57,1238,251,1286,174,940,298,236,780,12330,304,301,37,2612,1033,394,1005,496,158,248,224,609,62,1207,215,1217,169,801,274,205,759,12052,269,295,27,2548,981,356,942,498,167,254,220,708,57,1189,238,1139,173,782,270,226,713,294701,1358,3740,257,27604,11884,6254,32727,9775,4569,2210,4990,9003,1872,17771,8187,34585,15337,72714,17601,2423,9840,318957,1071,5510,369,30460,13159,7101,36413,11029,4975,2801,4960,9776,1945,21857,9368,33489,15504,79288,14796,3394,11692
Maine,8243,174,21,15,1609,800,292,744,241,81,139,103,235,32,853,107,429,203,1386,168,130,481,8385,185,26,15,1806,795,315,794,233,64,144,103,248,31,886,108,415,157,1271,158,134,497,8019,192,20,10,1716,745,297,842,252,72,139,92,243,25,794,101,442,145,1176,165,115,436,74123,1009,29,32,3938,7190,1825,11550,1424,552,612,693,1721,157,3085,1796,11680,2085,17867,3479,569,2830,99899,1199,29,219,4313,7299,2814,15057,2207,983,1426,1246,3568,300,4632,3678,14869,2563,20960,3603,1498,7436
Maryland,29216,173,25,37,4483,306,1017,860,600,279,549,527,1912,89,4144,681,1865,733,2648,659,672,6957,29095,133,27,31,4617,310,834,868,623,273,547,529,1821,103,3977,600,1794,700,2273,669,636,7730,42667,72,16,33,4240,350,1425,1238,2067,452,689,762,2176,127,4284,1508,3442,1395,10845,1896,1722,3928,224232,180,42,119,12306,1760,7101,11555,5435,1807,1950,3270,8328,2066,15315,7724,31121,9142,43547,15869,2405,43190,255010,173,43,116,11096,1719,7499,12824,5944,2367,2191,3525,8861,2687,16831,9744,26174,10302,46921,15249,2933,67811
Massachusetts,68040,980,198,144,14894,4169,2262,4754,1935,1161,1711,1027,4742,352,10138,955,4109,2501,5971,3098,1041,1898,70205,1091,231,125,16154,4239,2344,5041,2237,1166,1684,1076,4914,357,10757,915,3938,2567,5369,3217,992,1791,83370,964,202,108,15296,4135,2334,6255,3115,1264,1695,1206,5282,523,10481,1187,5551,3138,12421,4697,1226,2290,498570,1759,244,383,53909,28162,17884,65436,18677,6001,4105,7436,25684,3839,29463,9648,62862,14096,89533,39945,5560,13944,567904,1954,181,470,45007,30574,20739,78811,22002,6806,5536,8717,29991,4516,35154,12641,76506,16002,101699,44879,9025,16694
Michigan,99293,1632,911,114,20595,26281,3945,4810,3114,684,1112,980,4326,1260,12841,655,3458,3164,3917,1947,1190,2357,83064,1644,904,116,21545,11675,2795,4896,2997,721,1025,990,3921,1021,12479,573,3328,3169,3770,1975,1224,2296,81977,1401,818,114,20104,11701,2751,4826,2910,734,997,1022,3925,2139,11921,553,3484,2994,4274,1909,1052,2348,992005,2573,1577,341,96489,262793,45187,101782,29677,5981,5812,11633,44757,40244,72196,9338,89436,13350,83793,40320,5241,29485,1105045,2384,1575,1372,71678,260345,51378,104370,35559,8999,12495,13289,56043,44121,78265,31319,131770,17230,93252,41406,19631,28564
Minnesota,61532,959,607,213,25234,7027,1940,2918,1652,555,1083,547,2483,844,5162,772,2240,1023,2047,1492,1220,1514,62027,948,582,199,25930,6743,1957,2996,1762,621,1119,577,2583,860,5172,703,2297,990,1867,1428,1187,1506,66472,892,542,204,25670,6768,2124,3564,2111,762,1393,657,2843,966,5445,842,2749,1124,3343,1703,1113,1657,410848,1468,515,197,31913,37907,12501,50230,13531,5535,2998,4066,15016,7073,20582,10620,59025,15729,72011,28616,4125,17190,411819,1128,1811,206,18655,36524,12685,47428,15809,6139,3774,4297,15802,6973,22169,13123,70853,15226,70013,27379,4503,17322
Mississippi,9139,687,27,12,438,1042,200,797,256,52,115,100,201,54,798,151,702,48,456,93,128,2782,8490,625,22,13,445,1060,202,747,235,58,115,79,174,39,745,117,672,36,395,88,142,2481,7271,391,18,21,335,906,165,609,326,60,102,66,157,26,648,127,596,35,455,71,133,2024,164081,623,348,80,3960,30884,2557,15384,3772,792,874,1096,2143,1320,12138,2941,16089,5099,34238,3365,1128,25250,230426,930,599,321,6346,32498,4187,23860,6357,1540,1773,1779,3277,1812,21335,8542,24758,5557,48227,3873,2764,30091
Missouri,29674,289,125,33,5430,5048,887,2240,1174,374,689,489,1074,149,3284,305,1934,1449,2777,538,268,1118,27473,302,138,28,6182,2643,950,2138,980,363,707,483,1107,167,3405,317,1890,1393,2442,517,273,1048,22243,201,83,20,4295,2375,850,1948,1085,412,736,417,1027,157,2560,292,1901,706,2195,426,225,332,261645,400,245,111,13076,35543,7264,34196,8814,3104,2681,3578,7888,1452,20437,4869,29282,10456,60232,13384,1127,3506,259278,424,271,99,11605,33069,7790,32082,10361,3433,3110,3880,8659,1620,22755,7953,27427,11086,57682,10757,1220,3995
Montana,10072,237,295,35,3267,438,172,691,290,75,66,97,286,22,1186,118,406,298,985,195,326,587,10393,273,286,33,3469,499,163,702,286,82,83,115,276,20,1201,128,393,266,967,214,312,625,20552,368,312,32,3294,841,207,1429,470,173,116,229,486,24,1577,326,1655,923,6666,647,276,501,54202,535,552,34,4143,2559,929,6470,1269,495,348,863,1675,62,3693,1182,7240,2836,15970,2575,444,328,44969,437,552,26,2983,1856,917,5328,1324,493,318,841,1634,68,3158,1287,5543,2114,13542,1998,386,164
North Carolina,21752,111,5,23,1852,2821,847,1738,726,415,618,361,1320,123,3351,359,1544,342,1627,391,328,2850,20936,108,8,29,1761,2489,846,1820,738,404,629,351,1278,116,3244,317,1542,355,1469,372,293,2767,20182,88,12,35,1596,2469,823,1808,676,364,647,356,1290,110,2930,313,1556,308,1346,386,290,2779,490296,501,166,130,11744,65086,14150,53185,10338,3981,2651,6434,14582,2044,34102,10979,61721,13373,90628,21201,4561,68739,510349,590,147,145,12857,68009,16039,54034,14196,4354,3090,6612,15982,2196,40339,12992,56426,13719,98421,20948,5962,63291
North Dakota,7204,235,714,10,3224,845,263,207,289,33,47,38,157,3,295,6,102,39,119,53,205,320,6925,231,692,13,3306,492,263,207,278,29,55,37,181,2,293,7,113,36,121,57,197,315,6025,191,641,15,2754,470,242,185,286,37,54,46,177,4,234,5,117,26,98,59,174,210,35167,181,2487,43,3367,4156,1109,3459,1363,178,292,372,815,19,1249,181,4265,635,6366,1754,1812,1064,30761,135,3499,43,2263,2613,1295,3151,1613,210,297,507,817,21,1312,178,3271,467,4982,1066,1912,1109
Nebraska,5159,53,102,15,1580,760,140,240,157,54,115,48,121,33,665,45,251,82,140,76,90,392,5428,55,117,16,1963,496,166,268,183,48,122,54,113,28,735,40,261,78,140,77,103,365,5149,48,88,15,1443,487,171,343,334,49,143,67,148,39,561,52,309,64,225,89,109,365,76795,241,90,31,3967,6572,1695,9764,2322,927,915,952,2069,515,4345,2485,10660,2181,14368,6929,647,5120,61599,223,62,40,3018,7642,1607,7896,2239,880,800,802,1994,501,4473,2232,6246,1699,12347,2940,764,3194
New Hampshire,3904,40,17,2,333,349,184,195,85,46,94,53,213,25,620,65,257,85,82,91,48,1020,3664,31,14,2,331,332,180,182,102,41,93,50,178,24,596,68,244,83,33,81,45,954,3734,22,18,2,261,310,194,202,130,36,117,47,201,37,540,73,253,75,64,104,55,993,107461,128,31,20,1009,12344,2294,8679,2113,594,537,777,2407,426,5915,2284,15294,2772,4165,6205,835,38632,109641,159,24,25,894,13248,2399,8650,2530,765,573,781,2309,496,6017,2872,14248,2839,4489,5583,1070,39670
New Jersey,107082,1129,91,178,14457,5460,4870,10595,4758,1094,2932,1835,4523,1240,18713,1654,7083,4300,10095,2365,1402,8308,109265,1131,102,195,15834,5714,4892,10883,4997,1109,2865,1934,4638,1205,19327,1512,6992,4398,9129,2433,1419,8556,105840,964,95,188,13664,5474,4867,10970,5427,1117,2850,2014,4554,1180,17748,1488,6988,3905,10049,2425,1379,8494,621753,994,132,307,35217,26776,23968,86183,29344,4312,6022,7794,20334,4741,53952,16448,79810,18041,94976,40371,5811,66220,586532,742,142,294,30853,24762,25139,81671,31794,5013,6549,8950,21505,5645,53719,17632,80229,16875,97914,40897,5836,30371
New Mexico,9723,986,302,18,1683,469,249,855,252,703,175,108,462,17,925,183,763,157,668,209,275,264,9667,1125,288,19,1675,488,218,829,251,711,180,114,458,18,898,176,710,180,594,208,261,266,9519,1129,317,20,1586,464,233,858,262,599,186,119,466,24,901,171,725,173,586,212,261,227,80633,1320,2130,69,4830,3063,1681,11785,1589,2241,853,1131,2479,195,5311,1737,11872,3437,18993,4129,851,937,99785,1236,4338,101,6196,3508,2192,14280,2328,2754,1171,1471,3036,216,6874,2556,13076,4080,23029,4722,1402,1219
Nevada,19022,41,160,30,2561,515,383,1033,492,108,313,446,554,119,1492,129,663,321,2599,252,258,6553,19459,32,149,25,2503,522,393,1036,563,111,308,445,559,113,1580,119,671,283,2498,248,250,7051,20035,27,123,19,2376,544,412,1039,587,133,365,631,613,125,1766,139,722,327,3165,233,259,6430,274850,72,259,104,7117,7074,3574,17567,9429,1040,1301,5385,4400,3126,14480,1630,9274,8210,102670,4832,2524,70782,342966,87,348,139,7621,6932,4232,21689,12475,1504,1644,6303,5025,4232,18494,1920,9295,10378,134893,5017,3635,87103
New York,163731,865,1119,154,31585,8746,4808,12626,5186,5756,4808,2955,7578,728,25828,3344,12381,7520,15154,3962,4622,4006,162876,857,1077,139,33254,8762,5032,12856,5362,5498,4801,3149,7448,749,26345,3010,12565,7510,12115,3870,4580,3897,166857,773,825,145,30004,8241,5147,13433,5616,5879,4955,3675,7768,743,26162,3125,12912,8278,16494,4040,4526,4116,1614107,1721,1373,359,142381,70889,49100,202488,68126,55964,13594,24548,52722,7190,138195,38256,163864,57013,293598,89298,10425,133003,1805251,1688,712,414,123099,68186,53690,220087,81585,57731,16799,26932,60152,9056,155359,51407,196510,61460,316561,95746,15022,193055
Ohio,69727,691,778,116,23746,9242,2599,2480,3247,643,1555,997,2641,877,9477,762,3418,1296,2207,1124,530,1301,68534,581,677,120,23918,8932,2598,2522,3311,641,1583,983,2496,850,9315,650,3297,1243,1875,1084,544,1314,66312,404,583,108,21741,9604,2610,2479,3205,711,1518,1064,2648,841,8294,735,3354,1208,2217,1039,517,1432,765006,567,1137,204,33204,462500,13021,25710,14437,3416,4213,4990,13060,5166,27559,9621,45096,10332,55086,18863,1924,14900,623202,497,1141,193,24141,359784,12865,20519,14315,3684,4643,4508,12767,5164,27056,8893,38229,8979,47699,14510,1928,11687
Oklahoma,17291,57,1750,93,1807,2517,759,1385,788,278,607,354,1120,89,2108,310,1415,240,743,338,516,17,17270,82,1650,88,1920,2402,869,1383,872,269,619,397,1071,75,2045,256,1466,231,739,355,470,11,16854,69,1611,75,1886,2363,898,1417,804,274,590,374,1038,55,2016,217,1370,193,780,327,486,11,134550,269,5804,237,7080,15888,7242,15227,3666,1635,2427,2053,5271,1102,11741,2784,16377,6019,22163,5268,1928,369,143448,294,6848,300,8396,14655,7249,16571,4885,1928,2882,2630,6865,1473,11491,4202,13104,8795,22275,5143,2898,564
Oregon,31604,1530,134,90,5437,3783,1077,2890,981,692,578,476,1362,224,3081,511,2608,489,2433,770,773,1685,30548,1361,104,82,4794,3896,1104,3040,1004,602,619,489,1332,242,3145,446,2690,425,2327,781,757,1308,30523,1164,82,71,4414,3888,1082,2910,966,709,687,463,1399,251,2933,458,2782,421,2739,797,717,1590,284486,4094,262,202,20320,24796,6199,30091,6635,3713,2439,4067,7206,1327,15716,5563,39957,8229,79136,14736,2430,7368,290151,2997,179,154,14443,22737,6961,32943,7404,3732,2433,4727,7781,1517,16142,6952,32571,8557,65542,14708,2728,34943
Pennsylvania,140010,926,2859,221,34171,14615,3880,9557,6783,1241,2741,1400,5771,718,19014,2123,11744,5309,8674,2557,2059,3647,142288,935,2962,198,36794,14589,3903,9952,7030,1228,2847,1483,5667,710,19861,1950,11642,5332,7232,2503,1982,3488,128294,743,2612,198,31328,13571,3727,9421,6463,1284,2748,1416,5302,669,16555,1752,10929,4766,7414,2402,1693,3301,915154,1214,5242,485,115753,100971,28055,111312,35345,6185,8302,10049,26442,4008,50760,14231,111501,23069,110785,43638,6598,101209,906704,1193,5566,554,68950,91845,29672,115267,43389,8247,10027,11282,28745,4672,59542,22626,126335,27046,137087,50156,10726,53777
Puerto Rico,16870,315,5,9,974,1933,323,1478,493,148,332,171,380,22,2709,3531,1056,52,1010,187,676,1066,14556,271,5,8,984,1775,301,1608,304,157,299,173,403,25,2439,1735,1083,67,945,215,613,1146,14078,216,6,8,957,1798,264,1307,336,123,252,157,361,20,2169,2530,914,51,758,164,454,1233,102689,762,122,28,8430,9331,2982,19108,2187,1181,930,2214,3722,409,8152,4988,7461,1221,16896,3325,999,8241,223600,1069,101,24,8500,8395,3230,21615,2759,2019,1393,2836,4429,443,10487,6579,9502,1867,22679,4119,1615,109939
Rhode Island,10750,171,37,16,2102,741,266,734,289,61,259,177,349,103,2222,138,687,571,1246,271,84,226,11199,180,29,16,2426,733,273,756,288,78,233,177,361,86,2494,117,683,586,1101,281,73,228,10856,147,18,14,1968,757,246,715,284,91,204,179,344,87,2032,144,734,629,1690,317,78,178,96663,240,28,23,5738,7179,2848,11283,4042,596,1303,1407,3253,493,6573,2677,15796,3951,21923,5716,646,948,87964,182,24,13,4153,5543,2546,10882,4187,570,1255,1370,2974,520,6070,2464,13301,2393,22366,5372,610,1169
South Carolina,17809,92,15,41,1174,2628,673,1314,564,244,354,347,869,76,2279,221,968,330,2258,384,187,2791,16894,90,17,41,1163,2418,681,1239,570,208,367,340,871,78,2362,198,1028,243,1788,382,167,2643,15875,75,9,35,1030,2405,653,1220,513,177,383,318,834,84,2128,192,1012,191,1599,358,172,2487,245951,302,32,83,4666,45277,6299,22870,5669,1203,1137,3448,6691,793,19244,3889,25069,6107,54637,8557,1453,28525,243549,383,100,112,5863,36881,7039,23541,6511,1491,1401,3701,7612,991,23873,5860,21337,5976,49370,9201,1659,30647
South Dakota,3116,21,117,8,1347,294,91,163,94,17,68,15,57,4,188,38,96,50,152,45,129,122,3224,22,117,7,1386,305,83,181,119,21,56,22,51,3,198,37,106,51,158,45,131,125,2716,22,89,7,1151,272,64,151,89,12,61,17,52,4,150,26,101,43,141,26,105,133,22467,56,101,9,1240,1733,459,3161,416,187,341,219,373,35,700,651,3219,1149,6789,905,440,284,21110,68,67,7,857,1889,514,3112,453,241,414,273,427,105,833,812,2795,892,5733,740,565,313
Tennessee,19371,160,78,35,2270,3012,834,1558,964,314,433,260,914,222,2131,248,1405,1072,1041,628,405,1387,18867,159,64,28,2253,2801,805,1432,886,326,454,278,901,224,2201,218,1424,992,1036,596,389,1400,17236,125,46,29,1825,2840,783,1405,835,306,480,253,880,231,2175,214,1400,485,998,513,296,1117,336096,367,154,117,8725,44884,7867,32161,11327,3238,2370,5203,9935,2647,21506,6084,25650,8857,64354,19957,1576,59117,321406,328,158,125,8753,44363,9061,31098,14332,3819,3064,5029,10689,3053,27819,6967,21376,8114,58832,13889,1956,48581
Texas,132435,590,6696,339,27037,10118,6780,8224,5536,2011,5234,2673,10184,1466,16605,1926,9606,694,4940,4561,1191,6024,126858,632,5930,320,23405,10359,6446,8363,5547,2353,5206,2473,10197,1469,16924,2274,9814,665,4145,3012,1096,6228,126549,622,5811,365,22785,10240,6333,8296,6528,2118,5033,2602,10451,1615,16329,2187,9288,648,5189,3260,1034,5815,954490,1038,25970,754,63310,63836,31569,125799,26864,12298,11201,18161,40868,5366,82765,19679,116534,20562,164838,60474,3441,59163,1253530,1612,46810,1069,85140,82792,47792,160823,46991,16132,15688,24033,57898,7895,118664,32016,120205,27688,213854,63529,6753,76146
Utah,13124,70,197,13,3038,1073,378,1000,553,347,259,166,831,50,1984,246,385,181,904,170,311,968,12923,93,191,13,2863,1221,394,989,544,311,278,153,863,56,1938,226,384,172,871,188,310,865,11859,81,184,27,2327,1063,417,868,513,340,283,157,885,53,1756,219,386,179,857,191,254,819,106094,121,846,55,5167,7934,2778,12567,4420,1908,1283,1865,5261,798,10034,3067,11083,3790,19713,5229,1061,7114,98564,108,958,63,4580,9084,2870,11709,5752,2063,1385,1898,4969,735,9683,3356,6740,3556,18277,3877,1131,5770
Vermont,4768,83,45,10,1461,707,143,368,131,48,27,46,188,2,520,102,247,115,362,82,81,0,4732,79,58,8,1655,498,142,384,132,50,20,53,196,5,512,96,238,124,315,90,77,0,4764,87,54,9,1616,441,125,342,144,44,20,55,163,3,477,96,263,121,525,99,80,0,69914,406,149,198,9460,8892,1773,9076,1797,442,250,879,1530,214,3110,1548,7997,1296,17334,3083,480,0,56283,347,93,98,4067,5458,1436,7251,1776,434,285,715,1187,233,2514,1495,7854,1061,17028,2491,460,0
Virgin Islands,195,13,12,0,73,1,0,5,0,1,2,1,9,7,28,3,5,2,15,12,3,3,244,20,11,2,102,0,0,7,4,0,1,1,9,7,32,3,8,2,17,11,4,3,282,22,10,2,131,0,0,11,4,0,0,1,9,4,28,3,11,6,24,8,3,5,597,40,10,0,124,0,4,132,48,1,2,4,18,7,19,5,32,4,108,14,6,19,1719,177,18,2,206,16,20,213,63,4,2,34,22,20,37,10,75,81,569,43,8,99
Virginia,25696,202,228,18,3452,2260,662,1646,946,371,705,442,2150,157,3423,386,1639,517,1642,784,1464,2602,26327,205,232,20,3623,2887,667,1790,958,384,749,439,2218,177,3479,354,1648,504,1349,726,1423,2495,25925,185,235,22,3040,2798,705,1760,947,411,808,427,2326,174,3165,365,1737,389,1515,733,1537,2646,411987,352,565,42,6908,11767,3251,21424,5334,1934,1611,2849,7343,1032,13319,5813,25958,6197,55520,15992,13011,211765,449930,280,586,38,7008,11902,3632,25271,6577,2137,1822,3316,7639,1104,14901,6789,23575,7266,57366,16468,8226,244027
Washington,64308,5241,283,239,17151,6551,2790,3906,2049,1011,1012,931,3320,140,5919,886,4075,909,2559,2257,1823,1256,58661,4037,190,195,14438,6164,2635,3889,2102,985,1004,956,3180,134,5457,842,3968,808,2528,2066,1761,1322,179147,3896,179,165,18723,11332,4777,10838,4320,2428,1384,2486,5514,235,8501,6096,22292,8294,45021,12302,2215,8149,542596,6448,447,521,67276,60410,19457,59737,15679,6439,3255,8199,16930,937,26392,12700,65972,24834,78354,29012,7514,32083,471794,6165,237,443,38934,42519,18603,54742,18122,7100,3654,7801,16698,908,25645,13783,55965,23830,76454,27052,8538,24601
West Virginia,16745,97,1214,37,6244,1038,323,929,705,67,106,165,513,42,1806,95,781,241,723,450,250,919,17355,154,1227,42,6757,1051,312,941,772,72,117,162,544,31,1846,91,756,259,642,432,258,889,14154,87,1121,33,4984,838,304,893,677,63,113,148,461,29,1452,82,720,210,620,329,204,786,146566,200,2965,78,8827,4794,1596,8216,1606,479,375,750,1753,93,5053,1884,9888,2498,16394,3423,909,74785,93086,155,2639,56,5944,3391,1113,5418,1285,458,242,594,1373,57,3849,1721,6268,1964,14655,2263,615,39026
Wisconsin,44077,573,317,154,12984,6855,1419,2693,2054,428,670,357,992,344,5612,366,2199,1027,2142,639,771,1481,43996,590,286,154,13348,6877,1403,2662,2015,405,651,348,1060,286,5627,356,2231,999,1786,598,792,1522,43598,475,249,65,12266,6395,1299,2747,2180,432,754,362,1029,379,5784,388,2363,1077,2537,541,833,1443,320952,770,546,193,18419,54358,8567,40978,11360,2663,2888,2888,6611,2022,19221,6643,45213,10750,55929,18322,6546,6065,291113,582,524,204,10042,50299,8412,35018,10596,2969,2940,2882,6316,2271,18920,8849,41421,9053,51377,14438,7975,6025
Wyoming,3251,53,310,3,1123,164,78,232,130,24,39,30,65,1,286,42,143,30,236,60,114,88,3502,50,329,6,1295,181,73,213,154,27,31,40,111,1,295,40,151,36,204,64,109,92,7491,45,651,3,1294,297,151,552,250,54,63,85,196,1,316,124,726,136,2073,266,107,101,16207,63,1484,6,1847,613,387,1533,791,167,102,265,405,2,590,493,1696,355,4413,643,194,158,14379,40,2300,7,1425,555,645,1228,727,174,112,335,386,7,520,573,1032,283,3205,470,221,134
