"Y_(s,t)",State,Week,"COVID_(s,t)",State_i x t,Agriculture/Forestry/Fishing and Hunting,Mining,Utilities,Construction,Manufacturing,Wholesale Trade,Retail Trade,Transporation and Warehousing,Information,Finance and Insurance,"Real Estate, Rental and Leasing",Professional/Scientific/Technical Services,Management of Companies and Enterprises,Administration and Support/Waste Management and Remedial Services,Educational Services,Healthcare and Social Assistance,"Arts, Entertainment and Recreation",Accomodation and Food Services,Other Services (except Public Administration),Public Administration,Information Not Available
2129,Alabama,1,0,1,0,0,0,0,0,0,0,0,0,0,0,0,0,0,0,0,0,0,0,0,0
2170,Alabama,2,0,2,0,0,0,0,0,0,0,0,0,0,0,0,0,0,0,0,0,0,0,0,0
2176,Alabama,3,0,3,1,1,1,1,1,1,1,1,1,1,1,1,1,1,1,1,1,1,1,1,1
1981,Alabama,4,0,4,1,1,1,1,1,1,1,1,1,1,1,1,1,1,1,1,1,1,1,1,1
1735,Alabama,5,0,5,1,1,1,1,1,1,1,1,1,1,1,1,1,1,1,1,1,1,1,1,1
1575,Alabama,6,0,6,1,1,1,1,1,1,1,1,1,1,1,1,1,1,1,1,1,1,1,1,1
1663,Alabama,7,0,7,1,1,1,1,1,1,1,1,1,1,1,1,1,1,1,1,1,1,1,1,1
1819,Alabama,8,7,8,1,1,1,1,1,1,1,1,1,1,1,1,1,1,1,1,1,1,1,1,1
10892,Alabama,9,124,9,1,1,1,1,1,1,1,1,1,1,1,1,1,1,1,1,1,1,1,1,1
80984,Alabama,10,563,10,1,1,1,1,1,1,1,1,1,1,1,1,1,1,1,1,1,1,1,1,1
106739,Alabama,11,920,11,1,1,1,1,1,1,1,1,1,1,1,1,1,1,1,1,1,1,1,1,1
77515,Alabama,12,1603,12,1,1,1,1,1,1,1,1,1,1,1,1,1,1,1,1,1,1,1,1,1
66432,Alabama,13,1495,13,1,1,1,1,1,1,1,1,1,1,1,1,1,1,1,1,1,1,1,1,1
74966,Alabama,14,1314,14,1,1,1,1,1,1,1,1,1,1,1,1,1,1,1,1,1,1,1,1,1
28985,Alabama,15,1585,15,1,1,1,1,1,1,1,1,1,1,1,1,1,1,1,1,1,1,1,1,1
26666,Alabama,16,2057,16,1,1,1,1,1,1,1,1,1,1,1,1,1,1,1,1,1,1,1,1,1
25150,Alabama,17,2006,17,1,1,1,1,1,1,1,1,1,1,1,1,1,1,1,1,1,1,1,1,1
27919,Alabama,18,2443,18,1,1,1,1,1,1,1,1,1,1,1,1,1,1,1,1,1,1,1,1,1
21335,Alabama,19,3242,19,1,1,1,1,1,1,1,1,1,1,1,1,1,1,1,1,1,1,1,1,1
1003,Alaska,1,0,1,1,1,1,1,1,1,1,1,1,1,1,1,1,1,1,1,1,1,1,1,1
1122,Alaska,2,0,2,1,1,1,1,1,1,1,1,1,1,1,1,1,1,1,1,1,1,1,1,1
980,Alaska,3,0,3,1,1,1,1,1,1,1,1,1,1,1,1,1,1,1,1,1,1,1,1,1
915,Alaska,4,0,4,1,1,1,1,1,1,1,1,1,1,1,1,1,1,1,1,1,1,1,1,1
773,Alaska,5,0,5,1,1,1,1,1,1,1,1,1,1,1,1,1,1,1,1,1,1,1,1,1
874,Alaska,6,0,6,1,1,1,1,1,1,1,1,1,1,1,1,1,1,1,1,1,1,1,1,1
815,Alaska,7,0,7,1,1,1,1,1,1,1,1,1,1,1,1,1,1,1,1,1,1,1,1,1
1120,Alaska,8,1,8,1,1,1,1,1,1,1,1,1,1,1,1,1,1,1,1,1,1,1,1,1
7847,Alaska,9,12,9,1,1,1,1,1,1,1,1,1,1,1,1,1,1,1,1,1,1,1,1,1
13774,Alaska,10,72,10,1,1,1,1,1,1,1,1,1,1,1,1,1,1,1,1,1,1,1,1,1
14590,Alaska,11,86,11,1,1,1,1,1,1,1,1,1,1,1,1,1,1,1,1,1,1,1,1,1
12007,Alaska,12,86,12,1,1,1,1,1,1,1,1,1,1,1,1,1,1,1,1,1,1,1,1,1
12201,Alaska,13,57,13,1,1,1,1,1,1,1,1,1,1,1,1,1,1,1,1,1,1,1,1,1
10313,Alaska,14,25,14,1,1,1,1,1,1,1,1,1,1,1,1,1,1,1,1,1,1,1,1,1
8718,Alaska,15,26,15,1,1,1,1,1,1,1,1,1,1,1,1,1,1,1,1,1,1,1,1,1
7807,Alaska,16,13,16,1,1,1,1,1,1,1,1,1,1,1,1,1,1,1,1,1,1,1,1,1
7741,Alaska,17,10,17,1,1,1,1,1,1,1,1,1,1,1,1,1,1,1,1,1,1,1,1,1
8152,Alaska,18,19,18,1,1,1,1,1,1,1,1,1,1,1,1,1,1,1,1,1,1,1,1,1
7452,Alaska,19,26,19,1,1,1,1,1,1,1,1,1,1,1,1,1,1,1,1,1,1,1,1,1
1683,Arkansas,1,0,1,1,1,1,1,1,1,1,1,1,1,1,1,1,1,1,1,1,1,1,1,1
1837,Arkansas,2,0,2,1,1,1,1,1,1,1,1,1,1,1,1,1,1,1,1,1,1,1,1,1
1724,Arkansas,3,0,3,1,1,1,1,1,1,1,1,1,1,1,1,1,1,1,1,1,1,1,1,1
1602,Arkansas,4,0,4,1,1,1,1,1,1,1,1,1,1,1,1,1,1,1,1,1,1,1,1,1
1055,Arkansas,5,0,5,1,1,1,1,1,1,1,1,1,1,1,1,1,1,1,1,1,1,1,1,1
1418,Arkansas,6,0,6,1,1,1,1,1,1,1,1,1,1,1,1,1,1,1,1,1,1,1,1,1
1843,Arkansas,7,0,7,1,1,1,1,1,1,1,1,1,1,1,1,1,1,1,1,1,1,1,1,1
1382,Arkansas,8,12,8,1,1,1,1,1,1,1,1,1,1,1,1,1,1,1,1,1,1,1,1,1
9275,Arkansas,9,110,9,1,1,1,1,1,1,1,1,1,1,1,1,1,1,1,1,1,1,1,1,1
27756,Arkansas,10,287,10,1,1,1,1,1,1,1,1,1,1,1,1,1,1,1,1,1,1,1,1,1
62086,Arkansas,11,334,11,1,1,1,1,1,1,1,1,1,1,1,1,1,1,1,1,1,1,1,1,1
35629,Arkansas,12,485,12,1,1,1,1,1,1,1,1,1,1,1,1,1,1,1,1,1,1,1,1,1
25404,Arkansas,13,516,13,1,1,1,1,1,1,1,1,1,1,1,1,1,1,1,1,1,1,1,1,1
17671,Arkansas,14,1167,14,1,1,1,1,1,1,1,1,1,1,1,1,1,1,1,1,1,1,1,1,1
13448,Arkansas,15,461,15,1,1,1,1,1,1,1,1,1,1,1,1,1,1,1,1,1,1,1,1,1
13152,Arkansas,16,375,16,1,1,1,1,1,1,1,1,1,1,1,1,1,1,1,1,1,1,1,1,1
11427,Arkansas,17,831,17,1,1,1,1,1,1,1,1,1,1,1,1,1,1,1,1,1,1,1,1,1
10825,Arkansas,18,1197,18,1,1,1,1,1,1,1,1,1,1,1,1,1,1,1,1,1,1,1,1,1
8481,Arkansas,19,1238,19,1,1,1,1,1,1,1,1,1,1,1,1,1,1,1,1,1,1,1,1,1
3475,Arizona,1,0,1,1,1,1,1,1,1,1,1,1,1,1,1,1,1,1,1,1,1,1,1,1
3807,Arizona,2,1,2,1,1,1,1,1,1,1,1,1,1,1,1,1,1,1,1,1,1,1,1,1
3636,Arizona,3,0,3,1,1,1,1,1,1,1,1,1,1,1,1,1,1,1,1,1,1,1,1,1
3538,Arizona,4,0,4,1,1,1,1,1,1,1,1,1,1,1,1,1,1,1,1,1,1,1,1,1
3151,Arizona,5,0,5,1,1,1,1,1,1,1,1,1,1,1,1,1,1,1,1,1,1,1,1,1
3086,Arizona,6,0,6,1,1,1,1,1,1,1,1,1,1,1,1,1,1,1,1,1,1,1,1,1
3357,Arizona,7,3,7,1,1,1,1,1,1,1,1,1,1,1,1,1,1,1,1,1,1,1,1,1
3844,Arizona,8,8,8,1,1,1,1,1,1,1,1,1,1,1,1,1,1,1,1,1,1,1,1,1
29348,Arizona,9,92,9,1,1,1,1,1,1,1,1,1,1,1,1,1,1,1,1,1,1,1,1,1
88940,Arizona,10,669,10,1,1,1,1,1,1,1,1,1,1,1,1,1,1,1,1,1,1,1,1,1
132428,Arizona,11,1246,11,1,1,1,1,1,1,1,1,1,1,1,1,1,1,1,1,1,1,1,1,1
98531,Arizona,12,1374,12,1,1,1,1,1,1,1,1,1,1,1,1,1,1,1,1,1,1,1,1,1
72457,Arizona,13,1331,13,1,1,1,1,1,1,1,1,1,1,1,1,1,1,1,1,1,1,1,1,1
52581,Arizona,14,1562,14,1,1,1,1,1,1,1,1,1,1,1,1,1,1,1,1,1,1,1,1,1
43023,Arizona,15,2078,15,1,1,1,1,1,1,1,1,1,1,1,1,1,1,1,1,1,1,1,1,1
31570,Arizona,16,2596,16,1,1,1,1,1,1,1,1,1,1,1,1,1,1,1,1,1,1,1,1,1
31957,Arizona,17,2706,17,1,1,1,1,1,1,1,1,1,1,1,1,1,1,1,1,1,1,1,1,1
26868,Arizona,18,2387,18,1,1,1,1,1,1,1,1,1,1,1,1,1,1,1,1,1,1,1,1,1
22012,Arizona,19,3205,19,1,1,1,1,1,1,1,1,1,1,1,1,1,1,1,1,1,1,1,1,1
45596,California,1,0,1,1,1,1,1,1,1,1,1,1,1,1,1,0,1,1,1,1,1,1,1,1
43458,California,2,3,2,1,1,1,1,1,1,1,1,1,1,1,1,0,1,1,1,1,1,1,1,1
40392,California,3,3,3,1,1,1,1,1,1,1,1,1,1,1,1,0,1,1,1,1,1,1,1,1
43445,California,4,2,4,1,1,1,1,1,1,1,1,1,1,1,1,0,1,1,1,1,1,1,1,1
34979,California,5,2,5,1,1,1,1,1,1,1,1,1,1,1,1,0,1,1,1,1,1,1,1,1
41678,California,6,2,6,1,1,1,1,1,1,1,1,1,1,1,1,0,1,1,1,1,1,1,1,1
43385,California,7,69,7,1,1,1,1,1,1,1,1,1,1,1,1,0,1,1,1,1,1,1,1,1
57606,California,8,291,8,1,1,1,1,1,1,1,1,1,1,1,1,0,1,1,1,1,1,1,1,1
186333,California,9,1033,9,1,1,1,1,1,1,1,1,1,1,1,1,0,1,1,1,1,1,1,1,1
1058325,California,10,3690,10,1,1,1,1,1,1,1,1,1,1,1,1,0,1,1,1,1,1,1,1,1
918814,California,11,7742,11,1,1,1,1,1,1,1,1,1,1,1,1,0,1,1,1,1,1,1,1,1
655472,California,12,8869,12,1,1,1,1,1,1,1,1,1,1,1,1,0,1,1,1,1,1,1,1,1
528360,California,13,8785,13,1,1,1,1,1,1,1,1,1,1,1,1,0,1,1,1,1,1,1,1,1
325343,California,14,11877,14,1,1,1,1,1,1,1,1,1,1,1,1,0,1,1,1,1,1,1,1,1
316257,California,15,10979,15,1,1,1,1,1,1,1,1,1,1,1,1,0,1,1,1,1,1,1,1,1
212667,California,16,13211,16,1,1,1,1,1,1,1,1,1,1,1,1,0,1,1,1,1,1,1,1,1
244431,California,17,12167,17,1,1,1,1,1,1,1,1,1,1,1,1,0,1,1,1,1,1,1,1,1
203262,California,18,13814,18,1,1,1,1,1,1,1,1,1,1,1,1,0,1,1,1,1,1,1,1,1
228634,California,19,17356,19,1,1,1,1,1,1,1,1,1,1,1,1,0,1,1,1,1,1,1,1,1
2164,Colorado,1,0,1,1,1,1,1,1,1,1,1,1,1,1,1,1,1,1,1,1,1,1,1,1
2049,Colorado,2,0,2,1,1,1,1,1,1,1,1,1,1,1,1,1,1,1,1,1,1,1,1,1
2482,Colorado,3,0,3,1,1,1,1,1,1,1,1,1,1,1,1,1,1,1,1,1,1,1,1,1
2209,Colorado,4,0,4,1,1,1,1,1,1,1,1,1,1,1,1,1,1,1,1,1,1,1,1,1
1862,Colorado,5,0,5,1,1,1,1,1,1,1,1,1,1,1,1,1,1,1,1,1,1,1,1,1
1681,Colorado,6,0,6,1,1,1,1,1,1,1,1,1,1,1,1,1,1,1,1,1,1,1,1,1
1865,Colorado,7,8,7,1,1,1,1,1,1,1,1,1,1,1,1,1,1,1,1,1,1,1,1,1
2321,Colorado,8,95,8,1,1,1,1,1,1,1,1,1,1,1,1,1,1,1,1,1,1,1,1,1
19774,Colorado,9,372,9,1,1,1,1,1,1,1,1,1,1,1,1,1,1,1,1,1,1,1,1,1
61838,Colorado,10,1586,10,1,1,1,1,1,1,1,1,1,1,1,1,1,1,1,1,1,1,1,1,1
46326,Colorado,11,2504,11,1,1,1,1,1,1,1,1,1,1,1,1,1,1,1,1,1,1,1,1,1
104572,Colorado,12,2328,12,1,1,1,1,1,1,1,1,1,1,1,1,1,1,1,1,1,1,1,1,1
67639,Colorado,13,2547,13,1,1,1,1,1,1,1,1,1,1,1,1,1,1,1,1,1,1,1,1,1
38662,Colorado,14,3528,14,1,1,1,1,1,1,1,1,1,1,1,1,1,1,1,1,1,1,1,1,1
28360,Colorado,15,3257,15,1,1,1,1,1,1,1,1,1,1,1,1,1,1,1,1,1,1,1,1,1
22732,Colorado,16,3150,16,1,1,1,1,1,1,1,1,1,1,1,1,1,1,1,1,1,1,1,1,1
18054,Colorado,17,2258,17,1,1,1,1,1,1,1,1,1,1,1,1,1,1,1,1,1,1,1,1,1
15719,Colorado,18,2331,18,1,1,1,1,1,1,1,1,1,1,1,1,1,1,1,1,1,1,1,1,1
12519,Colorado,19,2120,19,1,1,1,1,1,1,1,1,1,1,1,1,1,1,1,1,1,1,1,1,1
2949,Connecticut,1,0,1,1,1,1,1,1,1,1,1,1,1,1,1,1,1,1,1,1,1,1,1,1
2994,Connecticut,2,0,2,1,1,1,1,1,1,1,1,1,1,1,1,1,1,1,1,1,1,1,1,1
2944,Connecticut,3,0,3,1,1,1,1,1,1,1,1,1,1,1,1,1,1,1,1,1,1,1,1,1
2520,Connecticut,4,0,4,1,1,1,1,1,1,1,1,1,1,1,1,1,1,1,1,1,1,1,1,1
2435,Connecticut,5,0,5,1,1,1,1,1,1,1,1,1,1,1,1,1,1,1,1,1,1,1,1,1
2843,Connecticut,6,0,6,1,1,1,1,1,1,1,1,1,1,1,1,1,1,1,1,1,1,1,1,1
2527,Connecticut,7,0,7,1,1,1,1,1,1,1,1,1,1,1,1,1,1,1,1,1,1,1,1,1
3440,Connecticut,8,23,8,1,1,1,1,1,1,1,1,1,1,1,1,1,1,1,1,1,1,1,1,1
25100,Connecticut,9,171,9,1,1,1,1,1,1,1,1,1,1,1,1,1,1,1,1,1,1,1,1,1
33227,Connecticut,10,1330,10,1,1,1,1,1,1,1,1,1,1,1,1,1,1,1,1,1,1,1,1,1
33464,Connecticut,11,3752,11,1,1,1,1,1,1,1,1,1,1,1,1,1,1,1,1,1,1,1,1,1
34050,Connecticut,12,6234,12,1,1,1,1,1,1,1,1,1,1,1,1,1,1,1,1,1,1,1,1,1
102808,Connecticut,13,6040,13,1,1,1,1,1,1,1,1,1,1,1,1,1,1,1,1,1,1,1,1,1
33041,Connecticut,14,7033,14,1,1,1,1,1,1,1,1,1,1,1,1,1,1,1,1,1,1,1,1,1
36138,Connecticut,15,4704,15,1,1,1,1,1,1,1,1,1,1,1,1,1,1,1,1,1,1,1,1,1
30046,Connecticut,16,3697,16,1,1,1,1,1,1,1,1,1,1,1,1,1,1,1,1,1,1,1,1,1
25960,Connecticut,17,3719,17,1,1,1,1,1,1,1,1,1,1,1,1,1,1,1,1,1,1,1,1,1
16603,Connecticut,18,3319,18,1,1,1,1,1,1,1,1,1,1,1,1,1,1,1,1,1,1,1,1,1
14208,Connecticut,19,2000,19,1,1,1,1,1,1,1,1,1,1,1,1,1,1,1,1,1,1,1,1,1
674,Delaware,1,0,1,1,0,1,1,1,1,1,1,1,1,1,1,1,1,1,1,1,1,1,1,1
622,Delaware,2,0,2,1,0,1,1,1,1,1,1,1,1,1,1,1,1,1,1,1,1,1,1,1
608,Delaware,3,0,3,1,1,1,1,1,1,1,1,1,1,1,1,1,1,1,1,1,1,1,1,1
610,Delaware,4,0,4,1,1,1,1,1,1,1,1,1,1,1,1,1,1,1,1,1,1,1,1,1
632,Delaware,5,0,5,1,1,1,1,1,1,1,1,1,1,1,1,1,1,1,1,1,1,1,1,1
524,Delaware,6,0,6,1,1,1,1,1,1,1,1,1,1,1,1,1,1,1,1,1,1,1,1,1
518,Delaware,7,0,7,1,1,1,1,1,1,1,1,1,1,1,1,1,1,1,1,1,1,1,1,1
472,Delaware,8,6,8,1,1,1,1,1,1,1,1,1,1,1,1,1,1,1,1,1,1,1,1,1
10776,Delaware,9,39,9,1,1,1,1,1,1,1,1,1,1,1,1,1,1,1,1,1,1,1,1,1
19137,Delaware,10,169,10,1,1,1,1,1,1,1,1,1,1,1,1,1,1,1,1,1,1,1,1,1
18851,Delaware,11,379,11,1,1,1,1,1,1,1,1,1,1,1,1,1,1,1,1,1,1,1,1,1
13258,Delaware,12,886,12,1,1,1,1,1,1,1,1,1,1,1,1,1,1,1,1,1,1,1,1,1
9446,Delaware,13,1059,13,1,1,1,1,1,1,1,1,1,1,1,1,1,1,1,1,1,1,1,1,1
7947,Delaware,14,1038,14,1,1,1,1,1,1,1,1,1,1,1,1,1,1,1,1,1,1,1,1,1
6297,Delaware,15,1462,15,1,1,1,1,1,1,1,1,1,1,1,1,1,1,1,1,1,1,1,1,1
5197,Delaware,16,1239,16,1,1,1,1,1,1,1,1,1,1,1,1,1,1,1,1,1,1,1,1,1
5554,Delaware,17,1270,17,1,1,1,1,1,1,1,1,1,1,1,1,1,1,1,1,1,1,1,1,1
4651,Delaware,18,982,18,1,1,1,1,1,1,1,1,1,1,1,1,1,1,1,1,1,1,1,1,1
3052,Delaware,19,893,19,1,1,1,1,1,1,1,1,1,1,1,1,1,1,1,1,1,1,1,1,1
534,District of Columbia,1,0,1,0,0,0,1,0,1,1,1,0,1,1,1,1,1,1,1,1,1,1,1,1
539,District of Columbia,2,0,2,0,0,0,1,0,1,1,1,0,1,1,1,1,1,1,1,1,1,1,1,1
508,District of Columbia,3,0,3,0,0,0,1,0,0,1,1,0,1,1,1,1,1,1,1,1,1,1,1,1
473,District of Columbia,4,0,4,0,0,0,1,0,0,1,1,0,1,1,1,1,1,1,1,1,1,1,1,1
422,District of Columbia,5,0,5,0,0,0,1,0,0,1,1,0,1,1,1,1,1,1,1,1,1,1,1,1
452,District of Columbia,6,0,6,0,0,0,1,0,0,1,1,0,1,1,1,1,1,1,1,1,1,1,1,1
471,District of Columbia,7,0,7,0,0,0,1,0,0,1,1,1,1,1,1,1,1,1,1,1,1,1,1,1
1213,District of Columbia,8,0,8,0,0,0,1,0,0,1,1,1,1,1,1,1,1,1,1,1,1,1,1,1
14462,District of Columbia,9,98,9,0,0,0,1,0,0,1,1,1,1,1,1,1,1,1,1,1,1,1,1,1
15869,District of Columbia,10,206,10,0,0,0,1,0,0,1,1,1,1,1,1,1,1,1,1,1,1,1,1,1
15329,District of Columbia,11,598,11,0,0,0,1,1,1,1,1,1,1,1,1,1,1,1,1,1,1,1,0,1
9974,District of Columbia,12,876,12,0,0,0,1,1,1,1,1,1,1,1,1,1,1,1,1,1,1,1,0,1
8639,District of Columbia,13,888,13,0,0,0,1,1,1,1,1,1,1,1,1,1,1,1,1,1,1,1,0,1
8708,District of Columbia,14,1033,14,0,0,0,1,1,1,1,1,1,1,1,1,1,1,1,1,1,1,1,0,1
8113,District of Columbia,15,1098,15,0,0,0,1,1,1,1,1,1,1,1,1,1,1,1,1,1,1,1,0,1
5782,District of Columbia,16,1305,16,0,0,0,1,1,1,1,1,1,1,1,1,1,1,1,1,1,1,1,1,1
5196,District of Columbia,17,940,17,0,0,0,1,1,1,1,1,1,1,1,1,1,1,1,1,1,1,1,1,1
5135,District of Columbia,18,924,18,0,0,0,1,1,1,1,1,1,1,1,1,1,1,1,1,1,1,1,1,1
3559,District of Columbia,19,751,19,0,0,0,1,1,1,1,1,1,1,1,1,1,1,1,1,1,1,1,1,1
5206,Florida,1,0,1,1,1,1,1,1,1,1,1,1,1,1,1,1,1,1,1,1,1,1,1,1
5457,Florida,2,0,2,1,1,1,1,1,1,1,1,1,1,1,1,1,1,1,1,1,1,1,1,1
5605,Florida,3,0,3,1,1,1,1,1,1,1,1,1,1,1,1,1,1,1,1,1,1,1,1,1
5229,Florida,4,0,4,1,1,1,1,1,1,1,1,1,1,1,1,1,1,1,1,1,1,1,1,1
4861,Florida,5,0,5,1,1,1,1,1,1,1,1,1,1,1,1,1,1,1,1,1,1,1,1,1
4853,Florida,6,0,6,1,1,1,1,1,1,1,1,1,1,1,1,1,1,1,1,1,1,1,1,1
5325,Florida,7,7,7,1,1,1,1,1,1,1,1,1,1,1,1,1,1,1,1,1,1,1,1,1
6463,Florida,8,69,8,1,1,1,1,1,1,1,1,1,1,1,1,1,1,1,1,1,1,1,1,1
74313,Florida,9,687,9,1,1,1,1,1,1,1,1,1,1,1,1,1,1,1,1,1,1,1,1,1
228484,Florida,10,3000,10,1,1,1,1,1,1,1,1,1,1,1,1,1,1,1,1,1,1,1,1,1
169885,Florida,11,7774,11,1,1,1,1,1,1,1,1,1,1,1,1,1,1,1,1,1,1,1,1,1
180419,Florida,12,6957,12,1,1,1,1,1,1,1,1,1,1,1,1,1,1,1,1,1,1,1,1,1
506670,Florida,13,6998,13,1,1,1,1,1,1,1,1,1,1,1,1,1,1,1,1,1,1,1,1,1
433103,Florida,14,5347,14,1,1,1,1,1,1,1,1,1,1,1,1,1,1,1,1,1,1,1,1,1
174860,Florida,15,4624,15,1,1,1,1,1,1,1,1,1,1,1,1,1,1,1,1,1,1,1,1,1
223082,Florida,16,4538,16,1,1,1,1,1,1,1,1,1,1,1,1,1,1,1,1,1,1,1,1,1
225404,Florida,17,4810,17,1,1,1,1,1,1,1,1,1,1,1,1,1,1,1,1,1,1,1,1,1
175411,Florida,18,5316,18,1,1,1,1,1,1,1,1,1,1,1,1,1,1,1,1,1,1,1,1,1
207707,Florida,19,5297,19,1,1,1,1,1,1,1,1,1,1,1,1,1,1,1,1,1,1,1,1,1
5257,Georgia,1,0,1,1,1,1,1,1,1,1,1,1,1,1,1,1,1,1,1,1,1,1,1,1
5199,Georgia,2,0,2,1,1,1,1,1,1,1,1,1,1,1,1,1,1,1,1,1,1,1,1,1
5577,Georgia,3,0,3,1,1,1,1,1,1,1,1,1,1,1,1,1,1,1,1,1,1,1,1,1
6277,Georgia,4,0,4,1,1,1,1,1,1,1,1,1,1,1,1,1,1,1,1,1,1,1,1,1
5030,Georgia,5,0,5,1,1,1,1,1,1,1,1,1,1,1,1,1,1,1,1,1,1,1,1,1
5538,Georgia,6,0,6,1,1,1,1,1,1,1,1,1,1,1,1,1,1,1,1,1,1,1,1,1
4569,Georgia,7,5,7,1,1,1,1,1,1,1,1,1,1,1,1,1,1,1,1,1,1,1,1,1
5445,Georgia,8,68,8,1,1,1,1,1,1,1,1,1,1,1,1,1,1,1,1,1,1,1,1,1
12140,Georgia,9,482,9,1,1,1,1,1,1,1,1,1,1,1,1,1,1,1,1,1,1,1,1,1
133820,Georgia,10,1811,10,1,1,1,1,1,1,1,1,1,1,1,1,1,1,1,1,1,1,1,1,1
390132,Georgia,11,3794,11,1,1,1,1,1,1,1,1,1,1,1,1,1,1,1,1,1,1,1,1,1
319581,Georgia,12,5999,12,1,1,1,1,1,1,1,1,1,1,1,1,1,1,1,1,1,1,1,1,1
247003,Georgia,13,5510,13,1,1,1,1,1,1,1,1,1,1,1,1,1,1,1,1,1,1,1,1,1
266565,Georgia,14,5553,14,1,1,1,1,1,1,1,1,1,1,1,1,1,1,1,1,1,1,1,1,1
228352,Georgia,15,5109,15,1,1,1,1,1,1,1,1,1,1,1,1,1,1,1,1,1,1,1,1,1
242772,Georgia,16,4257,16,1,1,1,1,1,1,1,1,1,1,1,1,1,1,1,1,1,1,1,1,1
177731,Georgia,17,4624,17,1,1,1,1,1,1,1,1,1,1,1,1,1,1,1,1,1,1,1,1,1
165499,Georgia,18,5030,18,1,1,1,1,1,1,1,1,1,1,1,1,1,1,1,1,1,1,1,1,1
149163,Georgia,19,4089,19,1,1,1,1,1,1,1,1,1,1,1,1,1,1,1,1,1,1,1,1,1
1014,Hawaii,1,0,1,1,1,1,1,1,1,1,1,1,1,1,1,1,1,1,1,1,1,1,1,1
1135,Hawaii,2,0,2,1,1,1,1,1,1,1,1,1,1,1,1,1,1,1,1,1,1,1,1,1
1137,Hawaii,3,0,3,1,1,1,1,1,1,1,1,1,1,1,1,1,1,1,1,1,1,1,1,1
1199,Hawaii,4,0,4,1,1,1,1,1,1,1,1,1,1,1,1,1,1,1,1,1,1,1,1,1
1020,Hawaii,5,0,5,1,1,1,1,1,1,1,1,1,1,1,1,1,1,1,1,1,1,1,1,1
1049,Hawaii,6,0,6,1,1,1,1,1,1,1,1,1,1,1,1,1,1,1,1,1,1,1,1,1
1275,Hawaii,7,1,7,1,1,1,1,1,1,1,1,1,1,1,1,1,1,1,1,1,1,1,1,1
1589,Hawaii,8,3,8,1,1,1,1,1,1,1,1,1,1,1,1,1,1,1,1,1,1,1,1,1
8817,Hawaii,9,32,9,1,1,1,1,1,1,1,1,1,1,1,1,1,1,1,1,1,1,1,1,1
48596,Hawaii,10,113,10,1,1,1,1,1,1,1,1,1,1,1,1,1,1,1,1,1,1,1,1,1
53102,Hawaii,11,202,11,1,1,1,1,1,1,1,1,1,1,1,1,1,1,1,1,1,1,1,1,1
34717,Hawaii,12,114,12,1,1,1,1,1,1,1,1,1,1,1,1,1,1,1,1,1,1,1,1,1
26591,Hawaii,13,109,13,1,1,1,1,1,1,1,1,1,1,1,1,1,1,1,1,1,1,1,1,1
22496,Hawaii,14,31,14,1,1,1,1,1,1,1,1,1,1,1,1,1,1,1,1,1,1,1,1,1
15177,Hawaii,15,15,15,1,1,1,1,1,1,1,1,1,1,1,1,1,1,1,1,1,1,1,1,1
12329,Hawaii,16,11,16,1,1,1,1,1,1,1,1,1,1,1,1,1,1,1,1,1,1,1,1,1
10964,Hawaii,17,8,17,1,1,1,1,1,1,1,1,1,1,1,1,1,1,1,1,1,1,1,1,1
9140,Hawaii,18,4,18,1,1,1,1,1,1,1,1,1,1,1,1,1,1,1,1,1,1,1,1,1
7702,Hawaii,19,8,19,1,1,1,1,1,1,1,1,1,1,1,1,1,1,1,1,1,1,1,1,1
1821,Idaho,1,0,1,1,1,1,1,1,1,1,1,1,1,1,1,1,1,1,1,1,1,1,1,1
1446,Idaho,2,0,2,1,1,1,1,1,1,1,1,1,1,1,1,1,1,1,1,1,1,1,1,1
1443,Idaho,3,0,3,1,1,1,1,1,1,1,1,1,1,1,1,1,1,1,1,1,1,1,1,1
1356,Idaho,4,0,4,1,1,1,1,1,1,1,1,1,1,1,1,1,1,1,1,1,1,1,1,1
1114,Idaho,5,0,5,1,1,1,1,1,1,1,1,1,1,1,1,1,1,1,1,1,1,1,1,1
998,Idaho,6,0,6,1,1,1,1,1,1,1,1,1,1,1,1,1,1,1,1,1,1,1,1,1
938,Idaho,7,0,7,1,1,1,1,1,1,1,1,1,1,1,1,1,1,1,1,1,1,1,1,1
1031,Idaho,8,2,8,1,1,1,1,1,1,1,1,1,1,1,1,1,1,1,1,1,1,1,1,1
13586,Idaho,9,40,9,1,1,1,1,1,1,1,1,1,1,1,1,1,1,1,1,1,1,1,1,1
32941,Idaho,10,192,10,1,1,1,1,1,1,1,1,1,1,1,1,1,1,1,1,1,1,1,1,1
30904,Idaho,11,788,11,1,1,1,1,1,1,1,1,1,1,1,1,1,1,1,1,1,1,1,1,1
18531,Idaho,12,374,12,1,1,1,1,1,1,1,1,1,1,1,1,1,1,1,1,1,1,1,1,1
13023,Idaho,13,259,13,1,1,1,1,1,1,1,1,1,1,1,1,1,1,1,1,1,1,1,1,1
8827,Idaho,14,232,14,1,1,1,1,1,1,1,1,1,1,1,1,1,1,1,1,1,1,1,1,1
7495,Idaho,15,174,15,1,1,1,1,1,1,1,1,1,1,1,1,1,1,1,1,1,1,1,1,1
5795,Idaho,16,144,16,1,1,1,1,1,1,1,1,1,1,1,1,1,1,1,1,1,1,1,1,1
5800,Idaho,17,214,17,1,1,1,1,1,1,1,1,1,1,1,1,1,1,1,1,1,1,1,1,1
4727,Idaho,18,176,18,1,1,1,1,1,1,1,1,1,1,1,1,1,1,1,1,1,1,1,1,1
3646,Idaho,19,208,19,1,1,1,1,1,1,1,1,1,1,1,1,1,1,1,1,1,1,1,1,1
9762,Illinois,1,1,1,1,1,1,1,1,1,1,1,1,1,1,1,1,1,1,1,1,1,1,1,1
9343,Illinois,2,1,2,1,1,1,1,1,1,1,1,1,1,1,1,1,1,1,1,1,1,1,1,1
9794,Illinois,3,0,3,1,1,1,1,1,1,1,1,1,1,1,1,1,1,1,1,1,1,1,1,1
8045,Illinois,4,0,4,1,1,1,1,1,1,1,1,1,1,1,1,1,1,1,1,1,1,1,1,1
11812,Illinois,5,0,5,1,1,1,1,1,1,1,1,1,1,1,1,1,1,1,1,1,1,1,1,1
8980,Illinois,6,0,6,1,1,1,1,1,1,1,1,1,1,1,1,1,1,1,1,1,1,1,1,1
8727,Illinois,7,4,7,1,1,1,1,1,1,1,1,1,1,1,1,1,1,1,1,1,1,1,1,1
11305,Illinois,8,58,8,1,1,1,1,1,1,1,1,1,1,1,1,1,1,1,1,1,1,1,1,1
126716,Illinois,9,689,9,1,1,1,1,1,1,1,1,1,1,1,1,1,1,1,1,1,1,1,1,1
185575,Illinois,10,2738,10,1,1,1,1,1,1,1,1,1,1,1,1,1,1,1,1,1,1,1,1,1
202157,Illinois,11,6866,11,1,1,1,1,1,1,1,1,1,1,1,1,1,1,1,1,1,1,1,1,1
140787,Illinois,12,8823,12,1,1,1,1,1,1,1,1,1,1,1,1,1,1,1,1,1,1,1,1,1
118996,Illinois,13,9980,13,1,1,1,1,1,1,1,1,1,1,1,1,1,1,1,1,1,1,1,1,1
101322,Illinois,14,12617,14,1,1,1,1,1,1,1,1,1,1,1,1,1,1,1,1,1,1,1,1,1
74476,Illinois,15,16728,15,1,1,1,1,1,1,1,1,1,1,1,1,1,1,1,1,1,1,1,1,1
72671,Illinois,16,17580,16,1,1,1,1,1,1,1,1,1,1,1,1,1,1,1,1,1,1,1,1,1
72780,Illinois,17,16372,17,1,1,1,1,1,1,1,1,1,1,1,1,1,1,1,1,1,1,1,1,1
58263,Illinois,18,15339,18,1,1,1,1,1,1,1,1,1,1,1,1,1,1,1,1,1,1,1,1,1
46385,Illinois,19,11121,19,1,1,1,1,1,1,1,1,1,1,1,1,1,1,1,1,1,1,1,1,1
2956,Indiana,1,0,1,1,1,1,1,1,1,1,1,1,1,1,1,1,1,1,1,1,1,1,1,1
3016,Indiana,2,0,2,1,1,1,1,1,1,1,1,1,1,1,1,1,1,1,1,1,1,1,1,1
2725,Indiana,3,0,3,1,1,1,1,1,1,1,1,1,1,1,1,1,1,1,1,1,1,1,1,1
2556,Indiana,4,0,4,1,1,1,1,1,1,1,1,1,1,1,1,1,1,1,1,1,1,1,1,1
2979,Indiana,5,0,5,1,1,1,1,1,1,1,1,1,1,1,1,1,1,1,1,1,1,1,1,1
2276,Indiana,6,0,6,1,1,1,1,1,1,1,1,1,1,1,1,1,1,1,1,1,1,1,1,1
2223,Indiana,7,1,7,1,1,1,1,1,1,1,1,1,1,1,1,1,1,1,1,1,1,1,1,1
2596,Indiana,8,15,8,1,1,1,1,1,1,1,1,1,1,1,1,1,1,1,1,1,1,1,1,1
59755,Indiana,9,112,9,1,1,1,1,1,1,1,1,1,1,1,1,1,1,1,1,1,1,1,1,1
139174,Indiana,10,1105,10,1,1,1,1,1,1,1,1,1,1,1,1,1,1,1,1,1,1,1,1,1
127010,Indiana,11,2720,11,1,1,1,1,1,1,1,1,1,1,1,1,1,1,1,1,1,1,1,1,1
113755,Indiana,12,3482,12,1,1,1,1,1,1,1,1,1,1,1,1,1,1,1,1,1,1,1,1,1
72756,Indiana,13,3206,13,1,1,1,1,1,1,1,1,1,1,1,1,1,1,1,1,1,1,1,1,1
55774,Indiana,14,3758,14,1,1,1,1,1,1,1,1,1,1,1,1,1,1,1,1,1,1,1,1,1
42290,Indiana,15,4896,15,1,1,1,1,1,1,1,1,1,1,1,1,1,1,1,1,1,1,1,1,1
29668,Indiana,16,4437,16,1,1,1,1,1,1,1,1,1,1,1,1,1,1,1,1,1,1,1,1,1
29436,Indiana,17,3548,17,1,1,1,1,1,1,1,1,1,1,1,1,1,1,1,1,1,1,1,1,1
25523,Indiana,18,3621,18,1,1,1,1,1,1,1,1,1,1,1,1,1,1,1,1,1,1,1,1,1
22914,Indiana,19,3310,19,1,1,1,1,1,1,1,1,1,1,1,1,1,1,1,1,1,1,1,1,1
3115,Iowa,1,0,1,1,1,1,1,1,1,1,1,1,1,1,1,1,1,1,1,1,1,1,1,1
3066,Iowa,2,0,2,1,1,1,1,1,1,1,1,1,1,1,1,1,1,1,1,1,1,1,1,1
2379,Iowa,3,0,3,1,1,1,1,1,1,1,1,1,1,1,1,1,1,1,1,1,1,1,1,1
2239,Iowa,4,0,4,1,1,1,1,1,1,1,1,1,1,1,1,1,1,1,1,1,1,1,1,1
2631,Iowa,5,0,5,1,1,1,1,1,1,1,1,1,1,1,1,1,1,1,1,1,1,1,1,1
2240,Iowa,6,0,6,1,1,1,1,1,1,1,1,1,1,1,1,1,1,1,1,1,1,1,1,1
2221,Iowa,7,0,7,1,1,1,1,1,1,1,1,1,1,1,1,1,1,1,1,1,1,1,1,1
2229,Iowa,8,17,8,1,1,1,1,1,1,1,1,1,1,1,1,1,1,1,1,1,1,1,1,1
40952,Iowa,9,52,9,1,1,1,1,1,1,1,1,1,1,1,1,1,1,1,1,1,1,1,1,1
55966,Iowa,10,229,10,1,1,1,1,1,1,1,1,1,1,1,1,1,1,1,1,1,1,1,1,1
64194,Iowa,11,489,11,1,1,1,1,1,1,1,1,1,1,1,1,1,1,1,1,1,1,1,1,1
43889,Iowa,12,723,12,1,1,1,1,1,1,1,1,1,1,1,1,1,1,1,1,1,1,1,1,1
26901,Iowa,13,1003,13,1,1,1,1,1,1,1,1,1,1,1,1,1,1,1,1,1,1,1,1,1
27220,Iowa,14,2579,14,1,1,1,1,1,1,1,1,1,1,1,1,1,1,1,1,1,1,1,1,1
23241,Iowa,15,3551,15,1,1,1,1,1,1,1,1,1,1,1,1,1,1,1,1,1,1,1,1,1
15820,Iowa,16,3028,16,1,1,1,1,1,1,1,1,1,1,1,1,1,1,1,1,1,1,1,1,1
12056,Iowa,17,2657,17,1,1,1,1,1,1,1,1,1,1,1,1,1,1,1,1,1,1,1,1,1
13723,Iowa,18,2570,18,1,1,1,1,1,1,1,1,1,1,1,1,1,1,1,1,1,1,1,1,1
6449,Iowa,19,2346,19,1,1,1,1,1,1,1,1,1,1,1,1,1,1,1,1,1,1,1,1,1
2557,Kansas,1,0,1,1,1,1,1,1,1,1,1,1,1,1,1,1,1,1,1,1,1,1,1,1
2000,Kansas,2,0,2,1,1,1,1,1,1,1,1,1,1,1,1,1,1,1,1,1,1,1,1,1
2107,Kansas,3,0,3,1,1,1,1,1,1,1,1,1,1,1,1,1,1,1,1,1,1,1,1,1
2076,Kansas,4,0,4,1,1,1,1,1,1,1,1,1,1,1,1,1,1,1,1,1,1,1,1,1
1494,Kansas,5,0,5,1,1,1,1,1,1,1,1,1,1,1,1,1,1,1,1,1,1,1,1,1
1517,Kansas,6,0,6,1,1,1,1,1,1,1,1,1,1,1,1,1,1,1,1,1,1,1,1,1
1365,Kansas,7,0,7,1,1,1,1,1,1,1,1,1,1,1,1,1,1,1,1,1,1,1,1,1
1755,Kansas,8,8,8,1,1,1,1,1,1,1,1,1,1,1,1,1,1,1,1,1,1,1,1,1
23563,Kansas,9,49,9,1,1,1,1,1,1,1,1,1,1,1,1,1,1,1,1,1,1,1,1,1
54330,Kansas,10,209,10,1,1,1,1,1,1,1,1,1,1,1,1,1,1,1,1,1,1,1,1,1
49306,Kansas,11,432,11,1,1,1,1,1,1,1,1,1,1,1,1,1,1,1,1,1,1,1,1,1
29873,Kansas,12,577,12,1,1,1,1,1,1,1,1,1,1,1,1,1,1,1,1,1,1,1,1,1
30596,Kansas,13,546,13,1,1,1,1,1,1,1,1,1,1,1,1,1,1,1,1,1,1,1,1,1
24483,Kansas,14,1314,14,1,1,1,1,1,1,1,1,1,1,1,1,1,1,1,1,1,1,1,1,1
15959,Kansas,15,1750,15,1,1,1,1,1,1,1,1,1,1,1,1,1,1,1,1,1,1,1,1,1
12234,Kansas,16,1944,16,1,1,1,1,1,1,1,1,1,1,1,1,1,1,1,1,1,1,1,1,1
11238,Kansas,17,1110,17,1,1,1,1,1,1,1,1,1,1,1,1,1,1,1,1,1,1,1,1,1
11232,Kansas,18,1007,18,1,1,1,1,1,1,1,1,1,1,1,1,1,1,1,1,1,1,1,1,1
10028,Kansas,19,744,19,1,1,1,1,1,1,1,1,1,1,1,1,1,1,1,1,1,1,1,1,1
2569,Kentucky,1,0,1,1,1,1,1,1,1,1,1,1,1,1,1,1,1,1,1,1,1,1,1,1
2625,Kentucky,2,0,2,1,1,1,1,1,1,1,1,1,1,1,1,1,1,1,1,1,1,1,1,1
2936,Kentucky,3,0,3,1,1,1,1,1,1,1,1,1,1,1,1,1,1,1,1,1,1,1,1,1
2813,Kentucky,4,0,4,1,1,1,1,1,1,1,1,1,1,1,1,1,1,1,1,1,1,1,1,1
2508,Kentucky,5,0,5,1,1,1,1,1,1,1,1,1,1,1,1,1,1,1,1,1,1,1,1,1
2223,Kentucky,6,0,6,1,1,1,1,1,1,1,1,1,1,1,1,1,1,1,1,1,1,1,1,1
2463,Kentucky,7,1,7,1,1,1,1,1,1,1,1,1,1,1,1,1,1,1,1,1,1,1,1,1
2785,Kentucky,8,15,8,1,1,1,1,1,1,1,1,1,1,1,1,1,1,1,1,1,1,1,1,1
49023,Kentucky,9,71,9,1,1,1,1,1,1,1,1,1,1,1,1,1,1,1,1,1,1,1,1,1
113149,Kentucky,10,293,10,1,1,1,1,1,1,1,1,1,1,1,1,1,1,1,1,1,1,1,1,1
117575,Kentucky,11,537,11,1,1,1,1,1,1,1,1,1,1,1,1,1,1,1,1,1,1,1,1,1
116277,Kentucky,12,776,12,1,1,1,1,1,1,1,1,1,1,1,1,1,1,1,1,1,1,1,1,1
103981,Kentucky,13,1014,13,1,1,1,1,1,1,1,1,1,1,1,1,1,1,1,1,1,1,1,1,1
91223,Kentucky,14,1208,14,1,1,1,1,1,1,1,1,1,1,1,1,1,1,1,1,1,1,1,1,1
82435,Kentucky,15,964,15,1,1,1,1,1,1,1,1,1,1,1,1,1,1,1,1,1,1,1,1,1
69372,Kentucky,16,1561,16,1,1,1,1,1,1,1,1,1,1,1,1,1,1,1,1,1,1,1,1,1
47321,Kentucky,17,1248,17,1,1,1,1,1,1,1,1,1,1,1,1,1,1,1,1,1,1,1,1,1
53738,Kentucky,18,883,18,1,1,1,1,1,1,1,1,1,1,1,1,1,1,1,1,1,1,1,1,1
43013,Kentucky,19,1133,19,1,1,1,1,1,1,1,1,1,1,1,1,1,1,1,1,1,1,1,1,1
1878,Louisiana,1,0,1,1,1,1,1,1,1,1,1,1,1,1,1,1,1,1,1,1,1,1,1,1
2058,Louisiana,2,0,2,1,1,1,1,1,1,1,1,1,1,1,1,1,1,1,1,1,1,1,1,1
1805,Louisiana,3,0,3,1,1,1,1,1,1,1,1,1,1,1,1,1,1,1,1,1,1,1,1,1
1739,Louisiana,4,0,4,1,1,1,1,1,1,1,1,1,1,1,1,1,1,1,1,1,1,1,1,1
1798,Louisiana,5,0,5,1,1,1,1,1,1,1,1,1,1,1,1,1,1,1,1,1,1,1,1,1
1509,Louisiana,6,0,6,1,1,1,1,1,1,1,1,1,1,1,1,1,1,1,1,1,1,1,1,1
1698,Louisiana,7,0,7,1,1,1,1,1,1,1,1,1,1,1,1,1,1,1,1,1,1,1,1,1
2255,Louisiana,8,77,8,1,1,1,1,1,1,1,1,1,1,1,1,1,1,1,1,1,1,1,1,1
72438,Louisiana,9,686,9,1,1,1,1,1,1,1,1,1,1,1,1,1,1,1,1,1,1,1,1,1
97400,Louisiana,10,2552,10,1,1,1,1,1,1,1,1,1,1,1,1,1,1,1,1,1,1,1,1,1
100621,Louisiana,11,9181,11,1,1,1,1,1,1,1,1,1,1,1,1,1,1,1,1,1,1,1,1,1
79653,Louisiana,12,7518,12,1,1,1,1,1,1,1,1,1,1,1,1,1,1,1,1,1,1,1,1,1
91923,Louisiana,13,3566,13,1,1,1,1,1,1,1,1,1,1,1,1,1,1,1,1,1,1,1,1,1
66141,Louisiana,14,2932,14,1,1,1,1,1,1,1,1,1,1,1,1,1,1,1,1,1,1,1,1,1
50941,Louisiana,15,2628,15,1,1,1,1,1,1,1,1,1,1,1,1,1,1,1,1,1,1,1,1,1
40125,Louisiana,16,2277,16,1,1,1,1,1,1,1,1,1,1,1,1,1,1,1,1,1,1,1,1,1
28545,Louisiana,17,2700,17,1,1,1,1,1,1,1,1,1,1,1,1,1,1,1,1,1,1,1,1,1
23961,Louisiana,18,2808,18,1,1,1,1,1,1,1,1,1,1,1,1,1,1,1,1,1,1,1,1,1
19334,Louisiana,19,2652,19,1,1,1,1,1,1,1,1,1,1,1,1,1,1,1,1,1,1,1,1,1
944,Maine,1,0,1,1,1,1,1,1,1,1,1,1,1,1,1,1,1,1,1,1,1,1,1,1
881,Maine,2,0,2,1,1,1,1,1,1,1,1,1,1,1,1,1,1,1,1,1,1,1,1,1
702,Maine,3,0,3,1,1,1,1,1,1,1,1,1,1,1,1,1,1,1,1,1,1,1,1,1
790,Maine,4,0,4,1,1,1,1,1,1,1,1,1,1,1,1,1,1,1,1,1,1,1,1,1
737,Maine,5,0,5,1,1,1,1,1,1,1,1,1,1,1,1,1,1,1,1,1,1,1,1,1
862,Maine,6,0,6,1,1,1,1,1,1,1,1,1,1,1,1,1,1,1,1,1,1,1,1,1
715,Maine,7,0,7,1,1,1,1,1,1,1,1,1,1,1,1,1,1,1,1,1,1,1,1,1
634,Maine,8,3,8,1,1,1,1,1,1,1,1,1,1,1,1,1,1,1,1,1,1,1,1,1
21459,Maine,9,67,9,1,1,1,1,1,1,1,1,1,1,1,1,1,1,1,1,1,1,1,1,1
23770,Maine,10,141,10,1,1,1,1,1,1,1,1,1,1,1,1,1,1,1,1,1,1,1,1,1
30910,Maine,11,245,11,1,1,1,1,1,1,1,1,1,1,1,1,1,1,1,1,1,1,1,1,1
13488,Maine,12,160,12,1,1,1,1,1,1,1,1,1,1,1,1,1,1,1,1,1,1,1,1,1
11769,Maine,13,231,13,1,1,1,1,1,1,1,1,1,1,1,1,1,1,1,1,1,1,1,1,1
7661,Maine,14,118,14,1,1,1,1,1,1,1,1,1,1,1,1,1,1,1,1,1,1,1,1,1
6993,Maine,15,188,15,1,1,1,1,1,1,1,1,1,1,1,1,1,1,1,1,1,1,1,1,1
5579,Maine,16,255,16,1,1,1,1,1,1,1,1,1,1,1,1,1,1,1,1,1,1,1,1,1
4726,Maine,17,240,17,1,1,1,1,1,1,1,1,1,1,1,1,1,1,1,1,1,1,1,1,1
16667,Maine,18,365,18,1,1,1,1,1,1,1,1,1,1,1,1,1,1,1,1,1,1,1,1,1
11151,Maine,19,269,19,1,1,1,1,1,1,1,1,1,1,1,1,1,1,1,1,1,1,1,1,1
3283,Maryland,1,0,1,1,1,1,1,1,1,1,1,1,1,1,1,1,1,1,1,1,1,1,1,1
3203,Maryland,2,0,2,1,1,1,1,1,1,1,1,1,1,1,1,1,1,1,1,1,1,1,1,1
3150,Maryland,3,0,3,1,1,1,1,1,1,1,1,1,1,1,1,1,1,1,1,1,1,1,1,1
3048,Maryland,4,0,4,1,1,1,1,1,1,1,1,1,1,1,1,1,1,1,1,1,1,1,1,1
2700,Maryland,5,0,5,1,1,1,1,1,1,1,1,1,1,1,1,1,1,1,1,1,1,1,1,1
2626,Maryland,6,0,6,1,1,1,1,1,1,1,1,1,1,1,1,1,1,1,1,1,1,1,1,1
2675,Maryland,7,3,7,1,1,1,1,1,1,1,1,1,1,1,1,1,1,1,1,1,1,1,1,1
3864,Maryland,8,24,8,1,1,1,1,1,1,1,1,1,1,1,1,1,1,1,1,1,1,1,1,1
42981,Maryland,9,166,9,1,1,1,1,1,1,1,1,1,1,1,1,1,1,1,1,1,1,1,1,1
85317,Maryland,10,802,10,1,1,1,1,1,1,1,1,1,1,1,1,1,1,1,1,1,1,1,1,1
109496,Maryland,11,2130,11,1,1,1,1,1,1,1,1,1,1,1,1,1,1,1,1,1,1,1,1,1
62904,Maryland,12,4569,12,1,1,1,1,1,1,1,1,1,1,1,1,1,1,1,1,1,1,1,1,1
48495,Maryland,13,4632,13,1,1,1,1,1,1,1,1,1,1,1,1,1,1,1,1,1,1,1,1,1
37935,Maryland,14,5440,14,1,1,1,1,1,1,1,1,1,1,1,1,1,1,1,1,1,1,1,1,1
63253,Maryland,15,6707,15,1,1,1,1,1,1,1,1,1,1,1,1,1,1,1,1,1,1,1,1,1
45485,Maryland,16,7061,16,1,1,1,1,1,1,1,1,1,1,1,1,1,1,1,1,1,1,1,1,1
35111,Maryland,17,6434,17,1,1,1,1,1,1,1,1,1,1,1,1,1,1,1,1,1,1,1,1,1
33991,Maryland,18,7527,18,1,1,1,1,1,1,1,1,1,1,1,1,1,1,1,1,1,1,1,1,1
31920,Maryland,19,6520,19,1,1,1,1,1,1,1,1,1,1,1,1,1,1,1,1,1,1,1,1,1
6022,Massachusetts,1,0,1,1,1,1,1,1,1,1,1,1,1,1,1,1,1,1,1,1,1,1,1,1
5523,Massachusetts,2,1,2,1,1,1,1,1,1,1,1,1,1,1,1,1,1,1,1,1,1,1,1,1
5878,Massachusetts,3,0,3,1,1,1,1,1,1,1,1,1,1,1,1,1,1,1,1,1,1,1,1,1
5393,Massachusetts,4,0,4,1,1,1,1,1,1,1,1,1,1,1,1,1,1,1,1,1,1,1,1,1
9264,Massachusetts,5,0,5,1,1,1,1,1,1,1,1,1,1,1,1,1,1,1,1,1,1,1,1,1
4865,Massachusetts,6,0,6,1,1,1,1,1,1,1,1,1,1,1,1,1,1,1,1,1,1,1,1,1
4712,Massachusetts,7,5,7,1,1,1,1,1,1,1,1,1,1,1,1,1,1,1,1,1,1,1,1,1
7449,Massachusetts,8,132,8,1,1,1,1,1,1,1,1,1,1,1,1,1,1,1,1,1,1,1,1,1
148452,Massachusetts,9,385,9,1,1,1,1,1,1,1,1,1,1,1,1,1,1,1,1,1,1,1,1,1
181423,Massachusetts,10,3734,10,1,1,1,1,1,1,1,1,1,1,1,1,1,1,1,1,1,1,1,1,1
139647,Massachusetts,11,7479,11,1,1,1,1,1,1,1,1,1,1,1,1,1,1,1,1,1,1,1,1,1
103813,Massachusetts,12,11124,12,1,1,1,1,1,1,1,1,1,1,1,1,1,1,1,1,1,1,1,1,1
80969,Massachusetts,13,14103,13,1,1,1,1,1,1,1,1,1,1,1,1,1,1,1,1,1,1,1,1,1
71358,Massachusetts,14,17172,14,1,1,1,1,1,1,1,1,1,1,1,1,1,1,1,1,1,1,1,1,1
55884,Massachusetts,15,13303,15,1,1,1,1,1,1,1,1,1,1,1,1,1,1,1,1,1,1,1,1,1
44915,Massachusetts,16,11123,16,1,1,1,1,1,1,1,1,1,1,1,1,1,1,1,1,1,1,1,1,1
38684,Massachusetts,17,8813,17,1,1,1,1,1,1,1,1,1,1,1,1,1,1,1,1,1,1,1,1,1
38332,Massachusetts,18,7267,18,1,1,1,1,1,1,1,1,1,1,1,1,1,1,1,1,1,1,1,1,1
27630,Massachusetts,19,5132,19,1,1,1,1,1,1,1,1,1,1,1,1,1,1,1,1,1,1,1,1,1
7678,Michigan,1,0,1,1,1,1,1,1,1,1,1,1,1,1,1,1,1,1,1,1,1,1,1,1
6869,Michigan,2,0,2,1,1,1,1,1,1,1,1,1,1,1,1,1,1,1,1,1,1,1,1,1
6627,Michigan,3,0,3,1,1,1,1,1,1,1,1,1,1,1,1,1,1,1,1,1,1,1,1,1
5587,Michigan,4,0,4,1,1,1,1,1,1,1,1,1,1,1,1,1,1,1,1,1,1,1,1,1
5942,Michigan,5,0,5,1,1,1,1,1,1,1,1,1,1,1,1,1,1,1,1,1,1,1,1,1
5419,Michigan,6,0,6,1,1,1,1,1,1,1,1,1,1,1,1,1,1,1,1,1,1,1,1,1
5150,Michigan,7,0,7,1,1,1,1,1,1,1,1,1,1,1,1,1,1,1,1,1,1,1,1,1
5338,Michigan,8,36,8,1,1,1,1,1,1,1,1,1,1,1,1,1,1,1,1,1,1,1,1,1
128006,Michigan,9,589,9,1,1,1,1,1,1,1,1,1,1,1,1,1,1,1,1,1,1,1,1,1
304335,Michigan,10,4265,10,1,1,1,1,1,1,1,1,1,1,1,1,1,1,1,1,1,1,1,1,1
388554,Michigan,11,9845,11,1,1,1,1,1,1,1,1,1,1,1,1,1,1,1,1,1,1,1,1,1
222207,Michigan,12,9765,12,1,1,1,1,1,1,1,1,1,1,1,1,1,1,1,1,1,1,1,1,1
136707,Michigan,13,7531,13,1,1,1,1,1,1,1,1,1,1,1,1,1,1,1,1,1,1,1,1,1
82004,Michigan,14,6758,14,1,1,1,1,1,1,1,1,1,1,1,1,1,1,1,1,1,1,1,1,1
67399,Michigan,15,6635,15,1,1,1,1,1,1,1,1,1,1,1,1,1,1,1,1,1,1,1,1,1
55166,Michigan,16,4252,16,1,1,1,1,1,1,1,1,1,1,1,1,1,1,1,1,1,1,1,1,1
56715,Michigan,17,4639,17,1,1,1,1,1,1,1,1,1,1,1,1,1,1,1,1,1,1,1,1,1
64574,Michigan,18,4731,18,1,1,1,1,1,1,1,1,1,1,1,1,1,1,1,1,1,1,1,1,1
39290,Michigan,19,3179,19,1,1,1,1,1,1,1,1,1,1,1,1,1,1,1,1,1,1,1,1,1
3931,Minnesota,1,0,1,1,1,1,1,1,1,1,1,1,1,1,1,1,1,1,1,1,1,1,1,1
3700,Minnesota,2,0,2,1,1,1,1,1,1,1,1,1,1,1,1,1,1,1,1,1,1,1,1,1
4108,Minnesota,3,0,3,1,1,1,1,1,1,1,1,1,1,1,1,1,1,1,1,1,1,1,1,1
3641,Minnesota,4,0,4,1,1,1,1,1,1,1,1,1,1,1,1,1,1,1,1,1,1,1,1,1
3539,Minnesota,5,0,5,1,1,1,1,1,1,1,1,1,1,1,1,1,1,1,1,1,1,1,1,1
3410,Minnesota,6,0,6,1,1,1,1,1,1,1,1,1,1,1,1,1,1,1,1,1,1,1,1,1
3488,Minnesota,7,1,7,1,1,1,1,1,1,1,1,1,1,1,1,1,1,1,1,1,1,1,1,1
4010,Minnesota,8,20,8,1,1,1,1,1,1,1,1,1,1,1,1,1,1,1,1,1,1,1,1,1
115773,Minnesota,9,113,9,1,1,1,1,1,1,1,1,1,1,1,1,1,1,1,1,1,1,1,1,1
109095,Minnesota,10,307,10,1,1,1,1,1,1,1,1,1,1,1,1,1,1,1,1,1,1,1,1,1
110260,Minnesota,11,424,11,1,1,1,1,1,1,1,1,1,1,1,1,1,1,1,1,1,1,1,1,1
93133,Minnesota,12,562,12,1,1,1,1,1,1,1,1,1,1,1,1,1,1,1,1,1,1,1,1,1
74829,Minnesota,13,782,13,1,1,1,1,1,1,1,1,1,1,1,1,1,1,1,1,1,1,1,1,1
48595,Minnesota,14,1237,14,1,1,1,1,1,1,1,1,1,1,1,1,1,1,1,1,1,1,1,1,1
41492,Minnesota,15,2786,15,1,1,1,1,1,1,1,1,1,1,1,1,1,1,1,1,1,1,1,1,1
37669,Minnesota,16,4558,16,1,1,1,1,1,1,1,1,1,1,1,1,1,1,1,1,1,1,1,1,1
28893,Minnesota,17,4179,17,1,1,1,1,1,1,1,1,1,1,1,1,1,1,1,1,1,1,1,1,1
27211,Minnesota,18,4876,18,1,1,1,1,1,1,1,1,1,1,1,1,1,1,1,1,1,1,1,1,1
21654,Minnesota,19,4345,19,1,1,1,1,1,1,1,1,1,1,1,1,1,1,1,1,1,1,1,1,1
993,Mississippi,1,0,1,1,1,1,1,1,1,1,1,1,1,1,1,1,1,1,1,1,1,1,1,1
963,Mississippi,2,0,2,1,1,1,1,1,1,1,1,1,1,1,1,1,1,1,1,1,1,1,1,1
968,Mississippi,3,0,3,1,1,1,1,1,1,1,1,1,1,1,1,1,1,1,1,1,1,1,1,1
861,Mississippi,4,0,4,1,1,1,1,1,1,1,1,1,1,1,1,1,1,1,1,1,1,1,1,1
827,Mississippi,5,0,5,1,1,1,1,1,1,1,1,1,1,1,1,1,1,1,1,1,1,1,1,1
744,Mississippi,6,0,6,1,1,1,1,1,1,1,1,1,1,1,1,1,1,1,1,1,1,1,1,1
879,Mississippi,7,0,7,1,1,1,1,1,1,1,1,1,1,1,1,1,1,1,1,1,1,1,1,1
1147,Mississippi,8,6,8,1,1,1,1,1,1,1,1,1,1,1,1,1,1,1,1,1,1,1,1,1
5519,Mississippi,9,134,9,1,1,1,1,1,1,1,1,1,1,1,1,1,1,1,1,1,1,1,1,1
32015,Mississippi,10,523,10,1,1,1,1,1,1,1,1,1,1,1,1,1,1,1,1,1,1,1,1,1
45852,Mississippi,11,792,11,1,1,1,1,1,1,1,1,1,1,1,1,1,1,1,1,1,1,1,1,1
45748,Mississippi,12,1187,12,1,1,1,1,1,1,1,1,1,1,1,1,1,1,1,1,1,1,1,1,1
36913,Mississippi,13,1332,13,1,1,1,1,1,1,1,1,1,1,1,1,1,1,1,1,1,1,1,1,1
29906,Mississippi,14,1744,14,1,1,1,1,1,1,1,1,1,1,1,1,1,1,1,1,1,1,1,1,1
25745,Mississippi,15,1723,15,1,1,1,1,1,1,1,1,1,1,1,1,1,1,1,1,1,1,1,1,1
23618,Mississippi,16,1937,16,1,1,1,1,1,1,1,1,1,1,1,1,1,1,1,1,1,1,1,1,1
24242,Mississippi,17,1745,17,1,1,1,1,1,1,1,1,1,1,1,1,1,1,1,1,1,1,1,1,1
23856,Mississippi,18,1882,18,1,1,1,1,1,1,1,1,1,1,1,1,1,1,1,1,1,1,1,1,1
24014,Mississippi,19,2224,19,1,1,1,1,1,1,1,1,1,1,1,1,1,1,1,1,1,1,1,1,1
5474,Missouri,1,0,1,1,1,1,1,1,1,1,1,1,1,1,1,1,1,1,1,1,1,1,1,1
4801,Missouri,2,0,2,1,1,1,1,1,1,1,1,1,1,1,1,1,1,1,1,1,1,1,1,1
3670,Missouri,3,0,3,1,1,1,1,1,1,1,1,1,1,1,1,1,1,1,1,1,1,1,1,1
3363,Missouri,4,0,4,1,1,1,1,1,1,1,1,1,1,1,1,1,1,1,1,1,1,1,1,1
3063,Missouri,5,0,5,1,1,1,1,1,1,1,1,1,1,1,1,1,1,1,1,1,1,1,1,1
2732,Missouri,6,0,6,1,1,1,1,1,1,1,1,1,1,1,1,1,1,1,1,1,1,1,1,1
2994,Missouri,7,0,7,1,1,1,1,1,1,1,1,1,1,1,1,1,1,1,1,1,1,1,1,1
4016,Missouri,8,4,8,1,1,1,1,1,1,1,1,1,1,1,1,1,1,1,1,1,1,1,1,1
42246,Missouri,9,85,9,1,1,1,1,1,1,1,1,1,1,1,1,1,1,1,1,1,1,1,1,1
104291,Missouri,10,775,10,1,1,1,1,1,1,1,1,1,1,1,1,1,1,1,1,1,1,1,1,1
91458,Missouri,11,1608,11,1,1,1,1,1,1,1,1,1,1,1,1,1,1,1,1,1,1,1,1,1
102126,Missouri,12,1923,12,1,1,1,1,1,1,1,1,1,1,1,1,1,1,1,1,1,1,1,1,1
59602,Missouri,13,1318,13,1,1,1,1,1,1,1,1,1,1,1,1,1,1,1,1,1,1,1,1,1
55299,Missouri,14,1395,14,1,1,1,1,1,1,1,1,1,1,1,1,1,1,1,1,1,1,1,1,1
52527,Missouri,15,1341,15,1,1,1,1,1,1,1,1,1,1,1,1,1,1,1,1,1,1,1,1,1
31145,Missouri,16,1539,16,1,1,1,1,1,1,1,1,1,1,1,1,1,1,1,1,1,1,1,1,1
28244,Missouri,17,1060,17,1,1,1,1,1,1,1,1,1,1,1,1,1,1,1,1,1,1,1,1,1
27436,Missouri,18,1096,18,1,1,1,1,1,1,1,1,1,1,1,1,1,1,1,1,1,1,1,1,1
20650,Missouri,19,1254,19,1,1,1,1,1,1,1,1,1,1,1,1,1,1,1,1,1,1,1,1,1
922,Montana,1,0,1,1,1,1,1,1,1,1,1,1,1,1,1,1,1,1,1,1,1,1,1,1
902,Montana,2,0,2,1,1,1,1,1,1,1,1,1,1,1,1,1,1,1,1,1,1,1,1,1
935,Montana,3,0,3,1,1,1,1,1,1,1,1,1,1,1,1,1,1,1,1,1,1,1,1,1
921,Montana,4,0,4,1,1,1,1,1,1,1,1,1,1,1,1,1,1,1,1,1,1,1,1,1
795,Montana,5,0,5,1,1,1,1,1,1,1,1,1,1,1,1,1,1,1,1,1,1,1,1,1
695,Montana,6,0,6,1,1,1,1,1,1,1,1,1,1,1,1,1,1,1,1,1,1,1,1,1
714,Montana,7,0,7,1,1,1,1,1,1,1,1,1,1,1,1,1,1,1,1,1,1,1,1,1
817,Montana,8,5,8,1,1,1,1,1,1,1,1,1,1,1,1,1,1,1,1,1,1,1,1,1
15349,Montana,9,22,9,1,1,1,1,1,1,1,1,1,1,1,1,1,1,1,1,1,1,1,1,1
20763,Montana,10,102,10,1,1,1,1,1,1,1,1,1,1,1,1,1,1,1,1,1,1,1,1,1
21244,Montana,11,136,11,1,1,1,1,1,1,1,1,1,1,1,1,1,1,1,1,1,1,1,1,1
14275,Montana,12,112,12,1,1,1,1,1,1,1,1,1,1,1,1,1,1,1,1,1,1,1,1,1
11176,Montana,13,49,13,1,1,1,1,1,1,1,1,1,1,1,1,1,1,1,1,1,1,1,1,1
7052,Montana,14,19,14,1,1,1,1,1,1,1,1,1,1,1,1,1,1,1,1,1,1,1,1,1
4596,Montana,15,10,15,1,1,1,1,1,1,1,1,1,1,1,1,1,1,1,1,1,1,1,1,1
3762,Montana,16,3,16,1,1,1,1,1,1,1,1,1,1,1,1,1,1,1,1,1,1,1,1,1
3660,Montana,17,10,17,1,1,1,1,1,1,1,1,1,1,1,1,1,1,1,1,1,1,1,1,1
3821,Montana,18,11,18,1,1,1,1,1,1,1,1,1,1,1,1,1,1,1,1,1,1,1,1,1
3054,Montana,19,26,19,1,1,1,1,1,1,1,1,1,1,1,1,1,1,1,1,1,1,1,1,1
3344,North Carolina,1,0,1,1,1,1,1,1,1,1,1,1,1,1,1,1,1,1,1,1,1,1,1,1
3611,North Carolina,2,0,2,1,1,1,1,1,1,1,1,1,1,1,1,1,1,1,1,1,1,1,1,1
3326,North Carolina,3,0,3,1,1,1,1,1,1,1,1,1,1,1,1,1,1,1,1,1,1,1,1,1
3094,North Carolina,4,0,4,1,1,1,1,1,1,1,1,1,1,1,1,1,1,1,1,1,1,1,1,1
2852,North Carolina,5,0,5,1,1,1,1,1,1,1,1,1,1,1,1,1,1,1,1,1,1,1,1,1
1767,North Carolina,6,0,6,1,1,1,1,1,1,1,1,1,1,1,1,1,1,1,1,1,1,1,1,1
2575,North Carolina,7,2,7,1,1,1,1,1,1,1,1,1,1,1,1,1,1,1,1,1,1,1,1,1
3533,North Carolina,8,23,8,1,1,1,1,1,1,1,1,1,1,1,1,1,1,1,1,1,1,1,1,1
94083,North Carolina,9,231,9,1,1,1,1,1,1,1,1,1,1,1,1,1,1,1,1,1,1,1,1,1
172145,North Carolina,10,764,10,1,1,1,1,1,1,1,1,1,1,1,1,1,1,1,1,1,1,1,1,1
137422,North Carolina,11,1466,11,1,1,1,1,1,1,1,1,1,1,1,1,1,1,1,1,1,1,1,1,1
140155,North Carolina,12,1868,12,1,1,1,1,1,1,1,1,1,1,1,1,1,1,1,1,1,1,1,1,1
106266,North Carolina,13,1974,13,1,1,1,1,1,1,1,1,1,1,1,1,1,1,1,1,1,1,1,1,1
98941,North Carolina,14,2440,14,1,1,1,1,1,1,1,1,1,1,1,1,1,1,1,1,1,1,1,1,1
85956,North Carolina,15,2820,15,1,1,1,1,1,1,1,1,1,1,1,1,1,1,1,1,1,1,1,1,1
57354,North Carolina,16,2890,16,1,1,1,1,1,1,1,1,1,1,1,1,1,1,1,1,1,1,1,1,1
46913,North Carolina,17,3652,17,1,1,1,1,1,1,1,1,1,1,1,1,1,1,1,1,1,1,1,1,1
44202,North Carolina,18,4734,18,1,1,1,1,1,1,1,1,1,1,1,1,1,1,1,1,1,1,1,1,1
37047,North Carolina,19,4930,19,1,1,1,1,1,1,1,1,1,1,1,1,1,1,1,1,1,1,1,1,1
543,North Dakota,1,0,1,1,1,1,1,1,1,1,1,1,1,1,1,1,1,1,1,1,1,1,1,1
447,North Dakota,2,0,2,1,1,1,1,1,1,1,1,1,1,1,1,1,1,1,1,1,1,1,1,1
526,North Dakota,3,0,3,1,1,1,1,1,1,1,1,1,1,1,1,1,1,1,1,1,1,1,1,1
457,North Dakota,4,0,4,1,1,1,1,1,1,1,1,1,1,1,1,1,1,1,1,1,1,1,1,1
435,North Dakota,5,0,5,1,1,1,1,1,1,1,1,1,1,1,1,1,1,1,1,1,1,1,1,1
363,North Dakota,6,0,6,1,1,1,1,1,1,1,1,1,1,1,1,1,1,1,1,1,1,1,1,1
423,North Dakota,7,0,7,1,1,1,1,1,1,1,1,1,1,1,1,1,1,1,1,1,1,1,1,1
415,North Dakota,8,1,8,1,1,1,1,1,1,1,1,1,1,1,1,1,1,1,1,1,1,1,1,1
5662,North Dakota,9,27,9,1,1,1,1,1,1,1,1,1,1,1,1,1,1,1,1,1,1,1,1,1
11818,North Dakota,10,66,10,1,1,1,1,1,1,1,1,1,1,1,1,1,1,1,1,1,1,1,1,1
15125,North Dakota,11,92,11,1,1,1,1,1,1,1,1,1,1,1,1,1,1,1,1,1,1,1,1,1
9502,North Dakota,12,107,12,1,1,1,1,1,1,1,1,1,1,1,1,1,1,1,1,1,1,1,1,1
8065,North Dakota,13,235,13,1,1,1,1,1,1,1,1,1,1,1,1,1,1,1,1,1,1,1,1,1
6274,North Dakota,14,275,14,1,1,1,1,1,1,1,1,1,1,1,1,1,1,1,1,1,1,1,1,1
4044,North Dakota,15,350,15,1,1,1,1,1,1,1,1,1,1,1,1,1,1,1,1,1,1,1,1,1
2753,North Dakota,16,311,16,1,1,1,1,1,1,1,1,1,1,1,1,1,1,1,1,1,1,1,1,1
2619,North Dakota,17,384,17,1,1,1,1,1,1,1,1,1,1,1,1,1,1,1,1,1,1,1,1,1
2978,North Dakota,18,517,18,1,1,1,1,1,1,1,1,1,1,1,1,1,1,1,1,1,1,1,1,1
2315,North Dakota,19,189,19,1,1,1,1,1,1,1,1,1,1,1,1,1,1,1,1,1,1,1,1,1
960,Nebraska,1,0,1,1,1,1,1,1,1,1,1,1,1,1,1,1,1,1,1,1,1,1,1,1
833,Nebraska,2,0,2,1,1,1,1,1,1,1,1,1,1,1,1,1,1,1,1,1,1,1,1,1
675,Nebraska,3,0,3,1,1,1,1,1,1,1,1,1,1,1,1,1,1,1,1,1,1,1,1,1
537,Nebraska,4,0,4,1,1,1,1,1,1,1,1,1,1,1,1,1,1,1,1,1,1,1,1,1
493,Nebraska,5,0,5,1,1,1,1,1,1,1,1,1,1,1,1,1,1,1,1,1,1,1,1,1
502,Nebraska,6,0,6,1,1,1,1,1,1,1,1,1,1,1,1,1,1,1,1,1,1,1,1,1
501,Nebraska,7,1,7,1,1,1,1,1,1,1,1,1,1,1,1,1,1,1,1,1,1,1,1,1
795,Nebraska,8,17,8,1,1,1,1,1,1,1,1,1,1,1,1,1,1,1,1,1,1,1,1,1
15700,Nebraska,9,20,9,1,1,1,1,1,1,1,1,1,1,1,1,1,1,1,1,1,1,1,1,1
24725,Nebraska,10,58,10,1,1,1,1,1,1,1,1,1,1,1,1,1,1,1,1,1,1,1,1,1
27054,Nebraska,11,225,11,1,1,1,1,1,1,1,1,1,1,1,1,1,1,1,1,1,1,1,1,1
16279,Nebraska,12,378,12,1,1,1,1,1,1,1,1,1,1,1,1,1,1,1,1,1,1,1,1,1
12222,Nebraska,13,550,13,1,1,1,1,1,1,1,1,1,1,1,1,1,1,1,1,1,1,1,1,1
8229,Nebraska,14,1470,14,1,1,1,1,1,1,1,1,1,1,1,1,1,1,1,1,1,1,1,1,1
6418,Nebraska,15,2598,15,1,1,1,1,1,1,1,1,1,1,1,1,1,1,1,1,1,1,1,1,1
6362,Nebraska,16,2776,16,1,1,1,1,1,1,1,1,1,1,1,1,1,1,1,1,1,1,1,1,1
5839,Nebraska,17,2127,17,1,1,1,1,1,1,1,1,1,1,1,1,1,1,1,1,1,1,1,1,1
5812,Nebraska,18,1743,18,1,1,1,1,1,1,1,1,1,1,1,1,1,1,1,1,1,1,1,1,1
5083,Nebraska,19,1942,19,1,1,1,1,1,1,1,1,1,1,1,1,1,1,1,1,1,1,1,1,1
577,New Hampshire,1,0,1,1,1,1,1,1,1,1,1,1,1,1,1,1,1,1,1,1,1,1,1,1
456,New Hampshire,2,0,2,1,1,1,1,1,1,1,1,1,1,1,1,1,1,1,1,1,1,1,1,1
507,New Hampshire,3,0,3,1,1,1,1,1,1,1,1,1,1,1,1,1,1,1,1,1,1,1,1,1
424,New Hampshire,4,0,4,1,1,1,1,1,1,1,1,1,1,1,1,1,1,1,1,1,1,1,1,1
444,New Hampshire,5,0,5,1,1,1,1,1,1,1,1,1,1,1,1,1,1,1,1,1,1,1,1,1
894,New Hampshire,6,0,6,1,1,1,1,1,1,1,1,1,1,1,1,1,1,1,1,1,1,1,1,1
495,New Hampshire,7,2,7,1,1,1,1,1,1,1,1,1,1,1,1,1,1,1,1,1,1,1,1,1
642,New Hampshire,8,5,8,1,1,1,1,1,1,1,1,1,1,1,1,1,1,1,1,1,1,1,1,1
29379,New Hampshire,9,54,9,1,1,1,1,1,1,1,1,1,1,1,1,1,1,1,1,1,1,1,1,1
31378,New Hampshire,10,126,10,1,1,1,1,1,1,1,1,1,1,1,1,1,1,1,1,1,1,1,1,1
39202,New Hampshire,11,353,11,1,1,1,1,1,1,1,1,1,1,1,1,1,1,1,1,1,1,1,1,1
25273,New Hampshire,12,345,12,1,1,1,1,1,1,1,1,1,1,1,1,1,1,1,1,1,1,1,1,1
20414,New Hampshire,13,457,13,1,1,1,1,1,1,1,1,1,1,1,1,1,1,1,1,1,1,1,1,1
15001,New Hampshire,14,455,14,1,1,1,1,1,1,1,1,1,1,1,1,1,1,1,1,1,1,1,1,1
12475,New Hampshire,15,632,15,1,1,1,1,1,1,1,1,1,1,1,1,1,1,1,1,1,1,1,1,1
10016,New Hampshire,16,582,16,1,1,1,1,1,1,1,1,1,1,1,1,1,1,1,1,1,1,1,1,1
8794,New Hampshire,17,545,17,1,1,1,1,1,1,1,1,1,1,1,1,1,1,1,1,1,1,1,1,1
7266,New Hampshire,18,533,18,1,1,1,1,1,1,1,1,1,1,1,1,1,1,1,1,1,1,1,1,1
6127,New Hampshire,19,403,19,1,1,1,1,1,1,1,1,1,1,1,1,1,1,1,1,1,1,1,1,1
9325,New Jersey,1,0,1,1,1,1,1,1,1,1,1,1,1,1,1,1,1,1,1,1,1,1,1,1
8304,New Jersey,2,0,2,1,1,1,1,1,1,1,1,1,1,1,1,1,1,1,1,1,1,1,1,1
9288,New Jersey,3,0,3,1,1,1,1,1,1,1,1,1,1,1,1,1,1,1,1,1,1,1,1,1
8550,New Jersey,4,0,4,1,1,1,1,1,1,1,1,1,1,1,1,1,1,1,1,1,1,1,1,1
8396,New Jersey,5,0,5,1,1,1,1,1,1,1,1,1,1,1,1,1,1,1,1,1,1,1,1,1
7773,New Jersey,6,0,6,1,1,1,1,1,1,1,1,1,1,1,1,1,1,1,1,1,1,1,1,1
7996,New Jersey,7,4,7,1,1,1,1,1,1,1,1,1,1,1,1,1,1,1,1,1,1,1,1,1
9467,New Jersey,8,65,8,1,1,1,1,1,1,1,1,1,1,1,1,1,1,1,1,1,1,1,1,1
115815,New Jersey,9,1258,9,1,1,1,1,1,1,1,1,1,1,1,1,1,1,1,1,1,1,1,1,1
206253,New Jersey,10,9797,10,1,1,1,1,1,1,1,1,1,1,1,1,1,1,1,1,1,1,1,1,1
214836,New Jersey,11,23000,11,1,1,1,1,1,1,1,1,1,1,1,1,1,1,1,1,1,1,1,1,1
141420,New Jersey,12,24027,12,1,1,1,1,1,1,1,1,1,1,1,1,1,1,1,1,1,1,1,1,1
140139,New Jersey,13,23269,13,1,1,1,1,1,1,1,1,1,1,1,1,1,1,1,1,1,1,1,1,1
71966,New Jersey,14,24078,14,1,1,1,1,1,1,1,1,1,1,1,1,1,1,1,1,1,1,1,1,1
88326,New Jersey,15,18219,15,1,1,1,1,1,1,1,1,1,1,1,1,1,1,1,1,1,1,1,1,1
69689,New Jersey,16,13680,16,1,1,1,1,1,1,1,1,1,1,1,1,1,1,1,1,1,1,1,1,1
42365,New Jersey,17,7692,17,1,1,1,1,1,1,1,1,1,1,1,1,1,1,1,1,1,1,1,1,1
34410,New Jersey,18,8051,18,1,1,1,1,1,1,1,1,1,1,1,1,1,1,1,1,1,1,1,1,1
26752,New Jersey,19,6468,19,1,1,1,1,1,1,1,1,1,1,1,1,1,1,1,1,1,1,1,1,1
764,New Mexico,1,0,1,1,1,1,1,1,1,1,1,1,1,1,1,1,1,1,1,1,1,1,1,1
784,New Mexico,2,0,2,1,1,1,1,1,1,1,1,1,1,1,1,1,1,1,1,1,1,1,1,1
873,New Mexico,3,0,3,1,1,1,1,1,1,1,1,1,1,1,1,1,1,1,1,1,1,1,1,1
725,New Mexico,4,0,4,1,1,1,1,1,1,1,1,1,1,1,1,1,1,1,1,1,1,1,1,1
737,New Mexico,5,0,5,1,1,1,1,1,1,1,1,1,1,1,1,1,1,1,1,1,1,1,1,1
681,New Mexico,6,0,6,1,1,1,1,1,1,1,1,1,1,1,1,1,1,1,1,1,1,1,1,1
690,New Mexico,7,0,7,1,1,1,1,1,1,1,1,1,1,1,1,1,1,1,1,1,1,1,1,1
869,New Mexico,8,13,8,1,1,1,1,1,1,1,1,1,1,1,1,1,1,1,1,1,1,1,1,1
18105,New Mexico,9,42,9,1,1,1,1,1,1,1,1,1,1,1,1,1,1,1,1,1,1,1,1,1
27849,New Mexico,10,153,10,1,1,1,1,1,1,1,1,1,1,1,1,1,1,1,1,1,1,1,1,1
26132,New Mexico,11,298,11,1,1,1,1,1,1,1,1,1,1,1,1,1,1,1,1,1,1,1,1,1
19043,New Mexico,12,585,12,1,1,1,1,1,1,1,1,1,1,1,1,1,1,1,1,1,1,1,1,1
13621,New Mexico,13,707,13,1,1,1,1,1,1,1,1,1,1,1,1,1,1,1,1,1,1,1,1,1
12093,New Mexico,14,862,14,1,1,1,1,1,1,1,1,1,1,1,1,1,1,1,1,1,1,1,1,1
13675,New Mexico,15,1072,15,1,1,1,1,1,1,1,1,1,1,1,1,1,1,1,1,1,1,1,1,1
8024,New Mexico,16,1046,16,1,1,1,1,1,1,1,1,1,1,1,1,1,1,1,1,1,1,1,1,1
7356,New Mexico,17,1069,17,1,1,1,1,1,1,1,1,1,1,1,1,1,1,1,1,1,1,1,1,1
7058,New Mexico,18,778,18,1,1,1,1,1,1,1,1,1,1,1,1,1,1,1,1,1,1,1,1,1
6672,New Mexico,19,999,19,1,1,1,1,1,1,1,1,1,1,1,1,1,1,1,1,1,1,1,1,1
2101,Nevada,1,0,1,1,1,1,1,1,1,1,1,1,1,1,1,1,1,1,1,1,1,1,1,1
2286,Nevada,2,0,2,1,1,1,1,1,1,1,1,1,1,1,1,1,1,1,1,1,1,1,1,1
2794,Nevada,3,0,3,1,1,1,1,1,1,1,1,1,1,1,1,1,1,1,1,1,1,1,1,1
2543,Nevada,4,0,4,1,1,1,1,1,1,1,1,1,1,1,1,1,1,1,1,1,1,1,1,1
2052,Nevada,5,0,5,1,1,1,1,1,1,1,1,1,1,1,1,1,1,1,1,1,1,1,1,1
2324,Nevada,6,0,6,1,1,1,1,1,1,1,1,1,1,1,1,1,1,1,1,1,1,1,1,1
2309,Nevada,7,2,7,1,1,1,1,1,1,1,1,1,1,1,1,1,1,1,1,1,1,1,1,1
6356,Nevada,8,18,8,1,1,1,1,1,1,1,1,1,1,1,1,1,1,1,1,1,1,1,1,1
92298,Nevada,9,141,9,1,1,1,1,1,1,1,1,1,1,1,1,1,1,1,1,1,1,1,1,1
71942,Nevada,10,465,10,1,1,1,1,1,1,1,1,1,1,1,1,1,1,1,1,1,1,1,1,1
79285,Nevada,11,1116,11,1,1,1,1,1,1,1,1,1,1,1,1,1,1,1,1,1,1,1,1,1
58641,Nevada,12,960,12,1,1,1,1,1,1,1,1,1,1,1,1,1,1,1,1,1,1,1,1,1
39496,Nevada,13,924,13,1,1,1,1,1,1,1,1,1,1,1,1,1,1,1,1,1,1,1,1,1
42541,Nevada,14,913,14,1,1,1,1,1,1,1,1,1,1,1,1,1,1,1,1,1,1,1,1,1
28550,Nevada,15,850,15,1,1,1,1,1,1,1,1,1,1,1,1,1,1,1,1,1,1,1,1,1
21635,Nevada,16,782,16,1,1,1,1,1,1,1,1,1,1,1,1,1,1,1,1,1,1,1,1,1
17837,Nevada,17,642,17,1,1,1,1,1,1,1,1,1,1,1,1,1,1,1,1,1,1,1,1,1
15607,Nevada,18,713,18,1,1,1,1,1,1,1,1,1,1,1,1,1,1,1,1,1,1,1,1,1
11337,Nevada,19,991,19,1,1,1,1,1,1,1,1,1,1,1,1,1,1,1,1,1,1,1,1,1
15022,New York,1,0,1,1,1,1,1,1,1,1,1,1,1,1,1,1,1,1,1,1,1,1,1,1
16545,New York,2,0,2,1,1,1,1,1,1,1,1,1,1,1,1,1,1,1,1,1,1,1,1,1
15010,New York,3,0,3,1,1,1,1,1,1,1,1,1,1,1,1,1,1,1,1,1,1,1,1,1
14333,New York,4,0,4,1,1,1,1,1,1,1,1,1,1,1,1,1,1,1,1,1,1,1,1,1
14144,New York,5,0,5,1,1,1,1,1,1,1,1,1,1,1,1,1,1,1,1,1,1,1,1,1
31208,New York,6,0,6,1,1,1,1,1,1,1,1,1,1,1,1,1,1,1,1,1,1,1,1,1
14035,New York,7,76,7,1,1,1,1,1,1,1,1,1,1,1,1,1,1,1,1,1,1,1,1,1
14272,New York,8,537,8,1,1,1,1,1,1,1,1,1,1,1,1,1,1,1,1,1,1,1,1,1
79999,New York,9,11114,9,1,1,1,1,1,1,1,1,1,1,1,1,1,1,1,1,1,1,1,1,1
366595,New York,10,40683,10,1,1,1,1,1,1,1,1,1,1,1,1,1,1,1,1,1,1,1,1,1
344451,New York,11,61423,11,1,1,1,1,1,1,1,1,1,1,1,1,1,1,1,1,1,1,1,1,1
394701,New York,12,67193,12,1,1,1,1,1,1,1,1,1,1,1,1,1,1,1,1,1,1,1,1,1
205184,New York,13,56448,13,1,1,1,1,1,1,1,1,1,1,1,1,1,1,1,1,1,1,1,1,1
219413,New York,14,44669,14,1,1,1,1,1,1,1,1,1,1,1,1,1,1,1,1,1,1,1,1,1
195110,New York,15,30834,15,1,1,1,1,1,1,1,1,1,1,1,1,1,1,1,1,1,1,1,1,1
199419,New York,16,20145,16,1,1,1,1,1,1,1,1,1,1,1,1,1,1,1,1,1,1,1,1,1
223962,New York,17,15110,17,1,1,1,1,1,1,1,1,1,1,1,1,1,1,1,1,1,1,1,1,1
189087,New York,18,11694,18,1,1,1,1,1,1,1,1,1,1,1,1,1,1,1,1,1,1,1,1,1
81926,New York,19,9734,19,1,1,1,1,1,1,1,1,1,1,1,1,1,1,1,1,1,1,1,1,1
8086,Ohio,1,0,1,1,1,1,1,1,1,1,1,1,1,1,1,1,1,1,1,1,1,1,1,1
7329,Ohio,2,0,2,1,1,1,1,1,1,1,1,1,1,1,1,1,1,1,1,1,1,1,1,1
6825,Ohio,3,0,3,1,1,1,1,1,1,1,1,1,1,1,1,1,1,1,1,1,1,1,1,1
6532,Ohio,4,0,4,1,1,1,1,1,1,1,1,1,1,1,1,1,1,1,1,1,1,1,1,1
6208,Ohio,5,0,5,1,1,1,1,1,1,1,1,1,1,1,1,1,1,1,1,1,1,1,1,1
9916,Ohio,6,0,6,1,1,1,1,1,1,1,1,1,1,1,1,1,1,1,1,1,1,1,1,1
6545,Ohio,7,0,7,1,1,1,1,1,1,1,1,1,1,1,1,1,1,1,1,1,1,1,1,1
7046,Ohio,8,26,8,1,1,1,1,1,1,1,1,1,1,1,1,1,1,1,1,1,1,1,1,1
196309,Ohio,9,221,9,1,1,1,1,1,1,1,1,1,1,1,1,1,1,1,1,1,1,1,1,1
274288,Ohio,10,1159,10,1,1,1,1,1,1,1,1,1,1,1,1,1,1,1,1,1,1,1,1,1
226191,Ohio,11,2333,11,1,1,1,1,1,1,1,1,1,1,1,1,1,1,1,1,1,1,1,1,1
159317,Ohio,12,2511,12,1,1,1,1,1,1,1,1,1,1,1,1,1,1,1,1,1,1,1,1,1
109830,Ohio,13,3972,13,1,1,1,1,1,1,1,1,1,1,1,1,1,1,1,1,1,1,1,1,1
93599,Ohio,14,5365,14,1,1,1,1,1,1,1,1,1,1,1,1,1,1,1,1,1,1,1,1,1
61487,Ohio,15,3748,15,1,1,1,1,1,1,1,1,1,1,1,1,1,1,1,1,1,1,1,1,1
52255,Ohio,16,4362,16,1,1,1,1,1,1,1,1,1,1,1,1,1,1,1,1,1,1,1,1,1
46862,Ohio,17,3777,17,1,1,1,1,1,1,1,1,1,1,1,1,1,1,1,1,1,1,1,1,1
42585,Ohio,18,3934,18,1,1,1,1,1,1,1,1,1,1,1,1,1,1,1,1,1,1,1,1,1
35078,Ohio,19,3625,19,1,1,1,1,1,1,1,1,1,1,1,1,1,1,1,1,1,1,1,1,1
1830,Oklahoma,1,0,1,1,1,1,1,1,1,1,1,1,1,1,1,1,1,1,1,1,1,1,1,1
1779,Oklahoma,2,0,2,1,1,1,1,1,1,1,1,1,1,1,1,1,1,1,1,1,1,1,1,1
1715,Oklahoma,3,0,3,1,1,1,1,1,1,1,1,1,1,1,1,1,1,1,1,1,1,1,1,1
1633,Oklahoma,4,0,4,1,1,1,1,1,1,1,1,1,1,1,1,1,1,1,1,1,1,1,1,1
1509,Oklahoma,5,0,5,1,1,1,1,1,1,1,1,1,1,1,1,1,1,1,1,1,1,1,1,1
1458,Oklahoma,6,0,6,1,1,1,1,1,1,1,1,1,1,1,1,1,1,1,1,1,1,1,1,1
1569,Oklahoma,7,1,7,1,1,1,1,1,1,1,1,1,1,1,1,1,1,1,1,1,1,1,1,1
1836,Oklahoma,8,3,8,1,1,1,1,1,1,1,1,1,1,1,1,1,1,1,1,1,1,1,1,1
21926,Oklahoma,9,49,9,1,1,1,1,1,1,1,1,1,1,1,1,1,1,1,1,1,1,1,1,1
47744,Oklahoma,10,324,10,1,1,1,1,1,1,1,1,1,1,1,1,1,1,1,1,1,1,1,1,1
60534,Oklahoma,11,784,11,1,1,1,1,1,1,1,1,1,1,1,1,1,1,1,1,1,1,1,1,1
54481,Oklahoma,12,707,12,1,1,1,1,1,1,1,1,1,1,1,1,1,1,1,1,1,1,1,1,1
46696,Oklahoma,13,597,13,1,1,1,1,1,1,1,1,1,1,1,1,1,1,1,1,1,1,1,1,1
52500,Oklahoma,14,729,14,1,1,1,1,1,1,1,1,1,1,1,1,1,1,1,1,1,1,1,1,1
93885,Oklahoma,15,657,15,1,1,1,1,1,1,1,1,1,1,1,1,1,1,1,1,1,1,1,1,1
39079,Oklahoma,16,639,16,1,1,1,1,1,1,1,1,1,1,1,1,1,1,1,1,1,1,1,1,1
33440,Oklahoma,17,747,17,1,1,1,1,1,1,1,1,1,1,1,1,1,1,1,1,1,1,1,1,1
43714,Oklahoma,18,723,18,1,1,1,1,1,1,1,1,1,1,1,1,1,1,1,1,1,1,1,1,1
60376,Oklahoma,19,458,19,1,1,1,1,1,1,1,1,1,1,1,1,1,1,1,1,1,1,1,1,1
4457,Oregon,1,0,1,1,1,1,1,1,1,1,1,1,1,1,1,1,1,1,1,1,1,1,1,1
4853,Oregon,2,0,2,1,1,1,1,1,1,1,1,1,1,1,1,1,1,1,1,1,1,1,1,1
4953,Oregon,3,0,3,1,1,1,1,1,1,1,1,1,1,1,1,1,1,1,1,1,1,1,1,1
4284,Oregon,4,0,4,1,1,1,1,1,1,1,1,1,1,1,1,1,1,1,1,1,1,1,1,1
3514,Oregon,5,0,5,1,1,1,1,1,1,1,1,1,1,1,1,1,1,1,1,1,1,1,1,1
3936,Oregon,6,1,6,1,1,1,1,1,1,1,1,1,1,1,1,1,1,1,1,1,1,1,1,1
4154,Oregon,7,5,7,1,1,1,1,1,1,1,1,1,1,1,1,1,1,1,1,1,1,1,1,1
4269,Oregon,8,30,8,1,1,1,1,1,1,1,1,1,1,1,1,1,1,1,1,1,1,1,1,1
30054,Oregon,9,101,9,1,1,1,1,1,1,1,1,1,1,1,1,1,1,1,1,1,1,1,1,1
47498,Oregon,10,342,10,1,1,1,1,1,1,1,1,1,1,1,1,1,1,1,1,1,1,1,1,1
62788,Oregon,11,420,11,1,1,1,1,1,1,1,1,1,1,1,1,1,1,1,1,1,1,1,1,1
54581,Oregon,12,472,12,1,1,1,1,1,1,1,1,1,1,1,1,1,1,1,1,1,1,1,1,1
37209,Oregon,13,473,13,1,1,1,1,1,1,1,1,1,1,1,1,1,1,1,1,1,1,1,1,1
49300,Oregon,14,409,14,1,1,1,1,1,1,1,1,1,1,1,1,1,1,1,1,1,1,1,1,1
48120,Oregon,15,382,15,1,1,1,1,1,1,1,1,1,1,1,1,1,1,1,1,1,1,1,1,1
33936,Oregon,16,525,16,1,1,1,1,1,1,1,1,1,1,1,1,1,1,1,1,1,1,1,1,1
23539,Oregon,17,452,17,1,1,1,1,1,1,1,1,1,1,1,1,1,1,1,1,1,1,1,1,1
28452,Oregon,18,276,18,1,1,1,1,1,1,1,1,1,1,1,1,1,1,1,1,1,1,1,1,1
20565,Oregon,19,297,19,1,1,1,1,1,1,1,1,1,1,1,1,1,1,1,1,1,1,1,1,1
13359,Pennsylvania,1,0,1,1,1,1,1,1,1,1,1,1,1,1,1,1,1,1,1,1,1,1,1,1
15893,Pennsylvania,2,0,2,1,1,1,1,1,1,1,1,1,1,1,1,1,1,1,1,1,1,1,1,1
14425,Pennsylvania,3,0,3,1,1,1,1,1,1,1,1,1,1,1,1,1,1,1,1,1,1,1,1,1
13583,Pennsylvania,4,0,4,1,1,1,1,1,1,1,1,1,1,1,1,1,1,1,1,1,1,1,1,1
12631,Pennsylvania,5,0,5,1,1,1,1,1,1,1,1,1,1,1,1,1,1,1,1,1,1,1,1,1
12045,Pennsylvania,6,0,6,1,1,1,1,1,1,1,1,1,1,1,1,1,1,1,1,1,1,1,1,1
12227,Pennsylvania,7,2,7,1,1,1,1,1,1,1,1,1,1,1,1,1,1,1,1,1,1,1,1,1
15439,Pennsylvania,8,45,8,1,1,1,1,1,1,1,1,1,1,1,1,1,1,1,1,1,1,1,1,1
377451,Pennsylvania,9,352,9,1,1,1,1,1,1,1,1,1,1,1,1,1,1,1,1,1,1,1,1,1
404677,Pennsylvania,10,2446,10,1,1,1,1,1,1,1,1,1,1,1,1,1,1,1,1,1,1,1,1,1
277640,Pennsylvania,11,7599,11,1,1,1,1,1,1,1,1,1,1,1,1,1,1,1,1,1,1,1,1,1
234868,Pennsylvania,12,11275,12,1,1,1,1,1,1,1,1,1,1,1,1,1,1,1,1,1,1,1,1,1
194594,Pennsylvania,13,9933,13,1,1,1,1,1,1,1,1,1,1,1,1,1,1,1,1,1,1,1,1,1
127896,Pennsylvania,14,9501,14,1,1,1,1,1,1,1,1,1,1,1,1,1,1,1,1,1,1,1,1,1
94445,Pennsylvania,15,9341,15,1,1,1,1,1,1,1,1,1,1,1,1,1,1,1,1,1,1,1,1,1
73688,Pennsylvania,16,8066,16,1,1,1,1,1,1,1,1,1,1,1,1,1,1,1,1,1,1,1,1,1
62516,Pennsylvania,17,6625,17,1,1,1,1,1,1,1,1,1,1,1,1,1,1,1,1,1,1,1,1,1
66980,Pennsylvania,18,5824,18,1,1,1,1,1,1,1,1,1,1,1,1,1,1,1,1,1,1,1,1,1
48930,Pennsylvania,19,4688,19,1,1,1,1,1,1,1,1,1,1,1,1,1,1,1,1,1,1,1,1,1
2335,Puerto Rico,1,0,1,1,1,1,1,1,1,1,1,1,1,1,1,1,1,1,1,1,1,1,1,1
1998,Puerto Rico,2,0,2,1,1,1,1,1,1,1,1,1,1,1,1,1,1,1,1,1,1,1,1,1
1770,Puerto Rico,3,0,3,1,1,1,1,1,1,1,1,1,1,1,1,1,1,1,1,1,1,1,1,1
1588,Puerto Rico,4,0,4,1,1,1,1,1,1,1,1,1,1,1,1,1,1,1,1,1,1,1,1,1
1390,Puerto Rico,5,0,5,1,1,1,1,1,1,1,1,1,1,1,1,1,1,1,1,1,1,1,1,1
1296,Puerto Rico,6,0,6,1,1,1,1,1,1,1,1,1,1,1,1,1,1,1,1,1,1,1,1,1
1343,Puerto Rico,7,0,7,1,1,1,1,1,1,1,1,1,1,1,1,1,1,1,1,1,1,1,1,1
1172,Puerto Rico,8,0,8,1,1,1,1,1,1,1,1,1,1,1,1,1,1,1,1,1,1,1,1,1
20148,Puerto Rico,9,21,9,1,1,1,1,1,1,1,1,1,1,1,1,1,1,1,1,1,1,1,1,1
45394,Puerto Rico,10,79,10,1,1,1,1,1,1,1,1,1,1,1,1,1,1,1,1,1,1,1,1,1
66555,Puerto Rico,11,352,11,1,1,1,1,1,1,1,1,1,1,1,1,1,1,1,1,1,1,1,1,1
42074,Puerto Rico,12,336,12,1,1,1,1,1,1,1,1,1,1,1,1,1,1,1,1,1,1,1,1,1
26481,Puerto Rico,13,330,13,1,1,1,1,1,1,1,1,1,1,1,1,1,1,1,1,1,1,1,1,1
17286,Puerto Rico,14,189,14,1,1,1,1,1,1,1,1,1,1,1,1,1,1,1,1,1,1,1,1,1
21886,Puerto Rico,15,450,15,1,1,1,1,1,1,1,1,1,1,1,1,1,1,1,1,1,1,1,1,1
15067,Puerto Rico,16,416,16,1,1,1,1,1,1,1,1,1,1,1,1,1,1,1,1,1,1,1,1,1
10923,Puerto Rico,17,416,17,1,1,1,1,1,1,1,1,1,1,1,1,1,1,1,1,1,1,1,1,1
13521,Puerto Rico,18,511,18,1,1,1,1,1,1,1,1,1,1,1,1,1,1,1,1,1,1,1,1,1
7236,Puerto Rico,19,618,19,1,1,1,1,1,1,1,1,1,1,1,1,1,1,1,1,1,1,1,1,1
1048,Rhode Island,1,0,1,1,1,1,1,1,1,1,1,1,1,1,1,1,1,1,1,1,1,1,1,1
971,Rhode Island,2,0,2,1,1,1,1,1,1,1,1,1,1,1,1,1,1,1,1,1,1,1,1,1
959,Rhode Island,3,0,3,1,1,1,1,1,1,1,1,1,1,1,1,1,1,1,1,1,1,1,1,1
996,Rhode Island,4,0,4,1,1,1,1,1,1,1,1,1,1,1,1,1,1,1,1,1,1,1,1,1
1921,Rhode Island,5,0,5,1,1,1,1,1,1,1,1,1,1,1,1,1,1,1,1,1,1,1,1,1
874,Rhode Island,6,0,6,1,1,1,1,1,1,1,1,1,1,1,1,1,1,1,1,1,1,1,1,1
700,Rhode Island,7,3,7,1,1,1,1,1,1,1,1,1,1,1,1,1,1,1,1,1,1,1,1,1
1108,Rhode Island,8,17,8,1,1,1,1,1,1,1,1,1,1,1,1,1,1,1,1,1,1,1,1,1
35847,Rhode Island,9,46,9,1,1,1,1,1,1,1,1,1,1,1,1,1,1,1,1,1,1,1,1,1
27800,Rhode Island,10,173,10,1,1,1,1,1,1,1,1,1,1,1,1,1,1,1,1,1,1,1,1,1
28243,Rhode Island,11,567,11,1,1,1,1,1,1,1,1,1,1,1,1,1,1,1,1,1,1,1,1,1
22509,Rhode Island,12,1543,12,1,1,1,1,1,1,1,1,1,1,1,1,1,1,1,1,1,1,1,1,1
18078,Rhode Island,13,2142,13,1,1,1,1,1,1,1,1,1,1,1,1,1,1,1,1,1,1,1,1,1
13084,Rhode Island,14,2638,14,1,1,1,1,1,1,1,1,1,1,1,1,1,1,1,1,1,1,1,1,1
9088,Rhode Island,15,2160,15,1,1,1,1,1,1,1,1,1,1,1,1,1,1,1,1,1,1,1,1,1
6245,Rhode Island,16,1700,16,1,1,1,1,1,1,1,1,1,1,1,1,1,1,1,1,1,1,1,1,1
3883,Rhode Island,17,1445,17,1,1,1,1,1,1,1,1,1,1,1,1,1,1,1,1,1,1,1,1,1
2937,Rhode Island,18,1518,18,1,1,1,1,1,1,1,1,1,1,1,1,1,1,1,1,1,1,1,1,1
2748,Rhode Island,19,867,19,1,1,1,1,1,1,1,1,1,1,1,1,1,1,1,1,1,1,1,1,1
2248,South Carolina,1,0,1,1,1,1,1,1,1,1,1,1,1,1,1,1,1,1,1,1,1,1,1,1
2099,South Carolina,2,0,2,1,1,1,1,1,1,1,1,1,1,1,1,1,1,1,1,1,1,1,1,1
2054,South Carolina,3,0,3,1,1,1,1,1,1,1,1,1,1,1,1,1,1,1,1,1,1,1,1,1
2088,South Carolina,4,0,4,1,1,1,1,1,1,1,1,1,1,1,1,1,1,1,1,1,1,1,1,1
1824,South Carolina,5,0,5,1,1,1,1,1,1,1,1,1,1,1,1,1,1,1,1,1,1,1,1,1
1977,South Carolina,6,0,6,1,1,1,1,1,1,1,1,1,1,1,1,1,1,1,1,1,1,1,1,1
1889,South Carolina,7,2,7,1,1,1,1,1,1,1,1,1,1,1,1,1,1,1,1,1,1,1,1,1
2093,South Carolina,8,17,8,1,1,1,1,1,1,1,1,1,1,1,1,1,1,1,1,1,1,1,1,1
31826,South Carolina,9,155,9,1,1,1,1,1,1,1,1,1,1,1,1,1,1,1,1,1,1,1,1,1
66475,South Carolina,10,486,10,1,1,1,1,1,1,1,1,1,1,1,1,1,1,1,1,1,1,1,1,1
86573,South Carolina,11,1257,11,1,1,1,1,1,1,1,1,1,1,1,1,1,1,1,1,1,1,1,1,1
89147,South Carolina,12,1294,12,1,1,1,1,1,1,1,1,1,1,1,1,1,1,1,1,1,1,1,1,1
74362,South Carolina,13,1037,13,1,1,1,1,1,1,1,1,1,1,1,1,1,1,1,1,1,1,1,1,1
66438,South Carolina,14,1005,14,1,1,1,1,1,1,1,1,1,1,1,1,1,1,1,1,1,1,1,1,1
47673,South Carolina,15,1236,15,1,1,1,1,1,1,1,1,1,1,1,1,1,1,1,1,1,1,1,1,1
33191,South Carolina,16,1042,16,1,1,1,1,1,1,1,1,1,1,1,1,1,1,1,1,1,1,1,1,1
29899,South Carolina,17,1130,17,1,1,1,1,1,1,1,1,1,1,1,1,1,1,1,1,1,1,1,1,1
25380,South Carolina,18,1234,18,1,1,1,1,1,1,1,1,1,1,1,1,1,1,1,1,1,1,1,1,1
18910,South Carolina,19,1499,19,1,1,1,1,1,1,1,1,1,1,1,1,1,1,1,1,1,1,1,1,1
291,South Dakota,1,0,1,1,1,1,1,1,1,1,1,1,1,1,1,1,1,1,1,1,1,1,1,1
217,South Dakota,2,0,2,1,1,1,1,1,1,1,1,1,1,1,1,1,1,1,1,1,1,1,1,1
223,South Dakota,3,0,3,1,1,1,1,1,1,1,1,1,1,1,1,1,1,1,1,1,1,1,1,1
194,South Dakota,4,0,4,1,1,1,1,1,1,1,1,1,1,1,1,1,1,1,1,1,1,1,1,1
191,South Dakota,5,0,5,1,1,1,1,1,1,1,1,1,1,1,1,1,1,1,1,1,1,1,1,1
159,South Dakota,6,0,6,1,1,1,1,1,1,1,1,1,1,1,1,1,1,1,1,1,1,1,1,1
185,South Dakota,7,0,7,1,1,1,1,1,1,1,1,1,1,1,1,1,1,1,1,1,1,1,1,1
190,South Dakota,8,8,8,1,1,1,1,1,1,1,1,1,1,1,1,1,1,1,1,1,1,1,1,1
1761,South Dakota,9,6,9,1,1,1,1,1,1,1,1,1,1,1,1,1,1,1,1,1,1,1,1,1
6801,South Dakota,10,54,10,1,1,1,1,1,1,1,1,1,1,1,1,1,1,1,1,1,1,1,1,1
8138,South Dakota,11,144,11,1,1,1,1,1,1,1,1,1,1,1,1,1,1,1,1,1,1,1,1,1
6359,South Dakota,12,414,12,1,1,1,1,1,1,1,1,1,1,1,1,1,1,1,1,1,1,1,1,1
5295,South Dakota,13,916,13,1,1,1,1,1,1,1,1,1,1,1,1,1,1,1,1,1,1,1,1,1
5535,South Dakota,14,605,14,1,1,1,1,1,1,1,1,1,1,1,1,1,1,1,1,1,1,1,1,1
3929,South Dakota,15,441,15,1,1,1,1,1,1,1,1,1,1,1,1,1,1,1,1,1,1,1,1,1
5269,South Dakota,16,805,16,1,1,1,1,1,1,1,1,1,1,1,1,1,1,1,1,1,1,1,1,1
3891,South Dakota,17,566,17,1,1,1,1,1,1,1,1,1,1,1,1,1,1,1,1,1,1,1,1,1
3471,South Dakota,18,505,18,1,1,1,1,1,1,1,1,1,1,1,1,1,1,1,1,1,1,1,1,1
1498,South Dakota,19,496,19,1,1,1,1,1,1,1,1,1,1,1,1,1,1,1,1,1,1,1,1,1
2484,Tennessee,1,0,1,1,1,1,1,1,1,1,1,1,1,1,1,1,1,1,1,1,1,1,1,1
2362,Tennessee,2,0,2,1,1,1,1,1,1,1,1,1,1,1,1,1,1,1,1,1,1,1,1,1
2161,Tennessee,3,0,3,1,1,1,1,1,1,1,1,1,1,1,1,1,1,1,1,1,1,1,1,1
2140,Tennessee,4,0,4,1,1,1,1,1,1,1,1,1,1,1,1,1,1,1,1,1,1,1,1,1
1855,Tennessee,5,0,5,1,1,1,1,1,1,1,1,1,1,1,1,1,1,1,1,1,1,1,1,1
2014,Tennessee,6,0,6,1,1,1,1,1,1,1,1,1,1,1,1,1,1,1,1,1,1,1,1,1
2032,Tennessee,7,1,7,1,1,1,1,1,1,1,1,1,1,1,1,1,1,1,1,1,1,1,1,1
2702,Tennessee,8,31,8,1,1,1,1,1,1,1,1,1,1,1,1,1,1,1,1,1,1,1,1,1
38077,Tennessee,9,272,9,1,1,1,1,1,1,1,1,1,1,1,1,1,1,1,1,1,1,1,1,1
92500,Tennessee,10,1207,10,1,1,1,1,1,1,1,1,1,1,1,1,1,1,1,1,1,1,1,1,1
112186,Tennessee,11,1811,11,1,1,1,1,1,1,1,1,1,1,1,1,1,1,1,1,1,1,1,1,1
71887,Tennessee,12,1810,12,1,1,1,1,1,1,1,1,1,1,1,1,1,1,1,1,1,1,1,1,1
67226,Tennessee,13,1457,13,1,1,1,1,1,1,1,1,1,1,1,1,1,1,1,1,1,1,1,1,1
42805,Tennessee,14,2600,14,1,1,1,1,1,1,1,1,1,1,1,1,1,1,1,1,1,1,1,1,1
36323,Tennessee,15,3472,15,1,1,1,1,1,1,1,1,1,1,1,1,1,1,1,1,1,1,1,1,1
28377,Tennessee,16,2107,16,1,1,1,1,1,1,1,1,1,1,1,1,1,1,1,1,1,1,1,1,1
27990,Tennessee,17,2495,17,1,1,1,1,1,1,1,1,1,1,1,1,1,1,1,1,1,1,1,1,1
25439,Tennessee,18,2522,18,1,1,1,1,1,1,1,1,1,1,1,1,1,1,1,1,1,1,1,1,1
22255,Tennessee,19,2781,19,1,1,1,1,1,1,1,1,1,1,1,1,1,1,1,1,1,1,1,1,1
13070,Texas,1,0,1,1,1,1,1,1,1,1,1,1,1,1,1,1,1,1,1,1,1,1,1,1
13818,Texas,2,0,2,1,1,1,1,1,1,1,1,1,1,1,1,1,1,1,1,1,1,1,1,1
13869,Texas,3,0,3,1,1,1,1,1,1,1,1,1,1,1,1,1,1,1,1,1,1,1,1,1
12790,Texas,4,0,4,1,1,1,1,1,1,1,1,1,1,1,1,1,1,1,1,1,1,1,1,1
12047,Texas,5,0,5,1,1,1,1,1,1,1,1,1,1,1,1,1,1,1,1,1,1,1,1,1
12692,Texas,6,0,6,1,1,1,1,1,1,1,1,1,1,1,1,1,1,1,1,1,1,1,1,1
14355,Texas,7,8,7,1,1,1,1,1,1,1,1,1,1,1,1,1,1,1,1,1,1,1,1,1
16176,Texas,8,52,8,1,1,1,1,1,1,1,1,1,1,1,1,1,1,1,1,1,1,1,1,1
155426,Texas,9,522,9,1,1,1,1,1,1,1,1,1,1,1,1,1,1,1,1,1,1,1,1,1
276185,Texas,10,1873,10,1,1,1,1,1,1,1,1,1,1,1,1,1,1,1,1,1,1,1,1,1
315167,Texas,11,4112,11,1,1,1,1,1,1,1,1,1,1,1,1,1,1,1,1,1,1,1,1,1
274257,Texas,12,6456,12,1,1,1,1,1,1,1,1,1,1,1,1,1,1,1,1,1,1,1,1,1
280761,Texas,13,5681,13,1,1,1,1,1,1,1,1,1,1,1,1,1,1,1,1,1,1,1,1,1
254084,Texas,14,5449,14,1,1,1,1,1,1,1,1,1,1,1,1,1,1,1,1,1,1,1,1,1
243935,Texas,15,6764,15,1,1,1,1,1,1,1,1,1,1,1,1,1,1,1,1,1,1,1,1,1
141553,Texas,16,7477,16,1,1,1,1,1,1,1,1,1,1,1,1,1,1,1,1,1,1,1,1,1
134065,Texas,17,9058,17,1,1,1,1,1,1,1,1,1,1,1,1,1,1,1,1,1,1,1,1,1
127717,Texas,18,7324,18,1,1,1,1,1,1,1,1,1,1,1,1,1,1,1,1,1,1,1,1,1
106677,Texas,19,7899,19,1,1,1,1,1,1,1,1,1,1,1,1,1,1,1,1,1,1,1,1,1
1271,Utah,1,0,1,1,1,1,1,1,1,1,1,1,1,1,1,1,1,1,1,1,1,1,1,1
1290,Utah,2,0,2,1,1,1,1,1,1,1,1,1,1,1,1,1,1,1,1,1,1,1,1,1
1303,Utah,3,0,3,1,1,1,1,1,1,1,1,1,1,1,1,1,1,1,1,1,1,1,1,1
1097,Utah,4,0,4,1,1,1,1,1,1,1,1,1,1,1,1,1,1,1,1,1,1,1,1,1
1008,Utah,5,0,5,1,1,1,1,1,1,1,1,1,1,1,1,1,1,1,1,1,1,1,1,1
885,Utah,6,0,6,1,1,1,1,1,1,1,1,1,1,1,1,1,1,1,1,1,1,1,1,1
1015,Utah,7,1,7,1,1,1,1,1,1,1,1,1,1,1,1,1,1,1,1,1,1,1,1,1
1305,Utah,8,9,8,1,1,1,1,1,1,1,1,1,1,1,1,1,1,1,1,1,1,1,1,1
19690,Utah,9,108,9,1,1,1,1,1,1,1,1,1,1,1,1,1,1,1,1,1,1,1,1,1
28532,Utah,10,484,10,1,1,1,1,1,1,1,1,1,1,1,1,1,1,1,1,1,1,1,1,1
33040,Utah,11,826,11,1,1,1,1,1,1,1,1,1,1,1,1,1,1,1,1,1,1,1,1,1
24515,Utah,12,779,12,1,1,1,1,1,1,1,1,1,1,1,1,1,1,1,1,1,1,1,1,1
19649,Utah,13,710,13,1,1,1,1,1,1,1,1,1,1,1,1,1,1,1,1,1,1,1,1,1
11738,Utah,14,1031,14,1,1,1,1,1,1,1,1,1,1,1,1,1,1,1,1,1,1,1,1,1
8992,Utah,15,1037,15,1,1,1,1,1,1,1,1,1,1,1,1,1,1,1,1,1,1,1,1,1
7076,Utah,16,1118,16,1,1,1,1,1,1,1,1,1,1,1,1,1,1,1,1,1,1,1,1,1
6228,Utah,17,965,17,1,1,1,1,1,1,1,1,1,1,1,1,1,1,1,1,1,1,1,1,1
5405,Utah,18,1192,18,1,1,1,1,1,1,1,1,1,1,1,1,1,1,1,1,1,1,1,1,1
4948,Utah,19,1273,19,1,1,1,1,1,1,1,1,1,1,1,1,1,1,1,1,1,1,1,1,1
518,Vermont,1,0,1,1,1,1,1,1,1,1,1,1,1,1,1,1,1,1,1,1,1,1,1,0
481,Vermont,2,0,2,1,1,1,1,1,1,1,1,1,1,1,1,1,1,1,1,1,1,1,1,0
475,Vermont,3,0,3,1,1,1,1,1,1,1,1,1,1,1,1,1,1,1,1,1,1,1,1,0
543,Vermont,4,0,4,1,1,1,1,1,1,1,1,1,1,1,1,1,1,1,1,1,1,1,1,0
610,Vermont,5,0,5,1,1,1,1,1,1,1,1,1,1,1,1,1,1,1,1,1,1,1,1,0
863,Vermont,6,0,6,1,1,1,1,1,1,1,1,1,1,1,1,1,1,1,1,1,1,1,1,0
446,Vermont,7,0,7,1,1,1,1,1,1,1,1,1,1,1,1,1,1,1,1,1,1,1,1,0
659,Vermont,8,5,8,1,1,1,1,1,1,1,1,1,1,1,1,1,1,1,1,1,1,1,1,0
3784,Vermont,9,44,9,1,1,1,1,1,1,1,1,1,1,1,1,1,1,1,1,1,1,1,1,0
14633,Vermont,10,162,10,1,1,1,1,1,1,1,1,1,1,1,1,1,1,1,1,1,1,1,1,0
16474,Vermont,11,250,11,1,1,1,1,1,1,1,1,1,1,1,1,1,1,1,1,1,1,1,1,0
9662,Vermont,12,250,12,1,1,1,1,1,1,1,1,1,1,1,1,1,1,1,1,1,1,1,1,0
6598,Vermont,13,92,13,1,1,1,1,1,1,1,1,1,1,1,1,1,1,1,1,1,1,1,1,0
5117,Vermont,14,40,14,1,1,1,1,1,1,1,1,1,1,1,1,1,1,1,1,1,1,1,1,0
3875,Vermont,15,43,15,1,1,1,1,1,1,1,1,1,1,1,1,1,1,1,1,1,1,1,1,0
2913,Vermont,16,35,16,1,1,1,1,1,1,1,1,1,1,1,1,1,1,1,1,1,1,1,1,0
2199,Vermont,17,13,17,1,1,1,1,1,1,1,1,1,1,1,1,1,1,1,1,1,1,1,1,0
1552,Vermont,18,20,18,1,1,1,1,1,1,1,1,1,1,1,1,1,1,1,1,1,1,1,1,0
1465,Vermont,19,23,19,1,1,1,1,1,1,1,1,1,1,1,1,1,1,1,1,1,1,1,1,0
44,Virgin Islands,1,0,1,1,1,0,1,1,0,1,0,1,1,1,1,1,1,1,1,1,1,1,1,1
35,Virgin Islands,2,0,2,1,1,0,1,1,0,1,0,1,1,1,1,1,1,1,1,1,1,1,1,1
45,Virgin Islands,3,0,3,1,1,1,1,0,0,1,1,0,1,1,1,1,1,1,1,1,1,1,1,1
40,Virgin Islands,4,0,4,1,1,1,1,0,0,1,1,0,1,1,1,1,1,1,1,1,1,1,1,1
55,Virgin Islands,5,0,5,1,1,1,1,0,0,1,1,0,1,1,1,1,1,1,1,1,1,1,1,1
37,Virgin Islands,6,0,6,1,1,1,1,0,0,1,1,0,1,1,1,1,1,1,1,1,1,1,1,1
64,Virgin Islands,7,0,7,1,1,1,1,0,0,1,1,0,0,1,1,1,1,1,1,1,1,1,1,1
44,Virgin Islands,8,0,8,1,1,1,1,0,0,1,1,0,0,1,1,1,1,1,1,1,1,1,1,1
123,Virgin Islands,9,6,9,1,1,1,1,0,0,1,1,0,0,1,1,1,1,1,1,1,1,1,1,1
250,Virgin Islands,10,16,10,1,1,1,1,0,0,1,1,0,0,1,1,1,1,1,1,1,1,1,1,1
72,Virgin Islands,11,18,11,1,1,0,1,0,1,1,1,1,1,1,1,1,1,1,1,1,1,1,1,1
6,Virgin Islands,12,11,12,1,1,0,1,0,1,1,1,1,1,1,1,1,1,1,1,1,1,1,1,1
13,Virgin Islands,13,2,13,1,1,0,1,0,1,1,1,1,1,1,1,1,1,1,1,1,1,1,1,1
103,Virgin Islands,14,2,14,1,1,0,1,0,1,1,1,1,1,1,1,1,1,1,1,1,1,1,1,1
45,Virgin Islands,15,11,15,1,1,0,1,0,1,1,1,1,1,1,1,1,1,1,1,1,1,1,1,1
70,Virgin Islands,16,2,16,1,1,1,1,1,1,1,1,1,1,1,1,1,1,1,1,1,1,1,1,1
66,Virgin Islands,17,1,17,1,1,1,1,1,1,1,1,1,1,1,1,1,1,1,1,1,1,1,1,1
47,Virgin Islands,18,0,18,1,1,1,1,1,1,1,1,1,1,1,1,1,1,1,1,1,1,1,1,1
32,Virgin Islands,19,0,19,1,1,1,1,1,1,1,1,1,1,1,1,1,1,1,1,1,1,1,1,1
3059,Virginia,1,0,1,1,1,1,1,1,1,1,1,1,1,1,1,1,1,1,1,1,1,1,1,1
2575,Virginia,2,0,2,1,1,1,1,1,1,1,1,1,1,1,1,1,1,1,1,1,1,1,1,1
3097,Virginia,3,0,3,1,1,1,1,1,1,1,1,1,1,1,1,1,1,1,1,1,1,1,1,1
2693,Virginia,4,0,4,1,1,1,1,1,1,1,1,1,1,1,1,1,1,1,1,1,1,1,1,1
2079,Virginia,5,0,5,1,1,1,1,1,1,1,1,1,1,1,1,1,1,1,1,1,1,1,1,1
3267,Virginia,6,0,6,1,1,1,1,1,1,1,1,1,1,1,1,1,1,1,1,1,1,1,1,1
2527,Virginia,7,0,7,1,1,1,1,1,1,1,1,1,1,1,1,1,1,1,1,1,1,1,1,1
2706,Virginia,8,37,8,1,1,1,1,1,1,1,1,1,1,1,1,1,1,1,1,1,1,1,1,1
46277,Virginia,9,120,9,1,1,1,1,1,1,1,1,1,1,1,1,1,1,1,1,1,1,1,1,1
112497,Virginia,10,583,10,1,1,1,1,1,1,1,1,1,1,1,1,1,1,1,1,1,1,1,1,1
147369,Virginia,11,1667,11,1,1,1,1,1,1,1,1,1,1,1,1,1,1,1,1,1,1,1,1,1
104619,Virginia,12,2670,12,1,1,1,1,1,1,1,1,1,1,1,1,1,1,1,1,1,1,1,1,1
82729,Virginia,13,2976,13,1,1,1,1,1,1,1,1,1,1,1,1,1,1,1,1,1,1,1,1,1
72488,Virginia,14,4313,14,1,1,1,1,1,1,1,1,1,1,1,1,1,1,1,1,1,1,1,1,1
59631,Virginia,15,5372,15,1,1,1,1,1,1,1,1,1,1,1,1,1,1,1,1,1,1,1,1,1
52139,Virginia,16,5458,16,1,1,1,1,1,1,1,1,1,1,1,1,1,1,1,1,1,1,1,1,1
44699,Virginia,17,6487,17,1,1,1,1,1,1,1,1,1,1,1,1,1,1,1,1,1,1,1,1,1
39242,Virginia,18,6066,18,1,1,1,1,1,1,1,1,1,1,1,1,1,1,1,1,1,1,1,1,1
31379,Virginia,19,7862,19,1,1,1,1,1,1,1,1,1,1,1,1,1,1,1,1,1,1,1,1,1
8072,Washington,1,1,1,1,1,1,1,1,1,1,1,1,1,1,1,1,1,1,1,1,1,1,1,1
6619,Washington,2,0,2,1,1,1,1,1,1,1,1,1,1,1,1,1,1,1,1,1,1,1,1,1
7161,Washington,3,0,3,1,1,1,1,1,1,1,1,1,1,1,1,1,1,1,1,1,1,1,1,1
6311,Washington,4,0,4,1,1,1,1,1,1,1,1,1,1,1,1,1,1,1,1,1,1,1,1,1
5585,Washington,5,0,5,1,1,1,1,1,1,1,1,1,1,1,1,1,1,1,1,1,1,1,1,1
5770,Washington,6,6,6,1,1,1,1,1,1,1,1,1,1,1,1,1,1,1,1,1,1,1,1,1
6616,Washington,7,95,7,1,1,1,1,1,1,1,1,1,1,1,1,1,1,1,1,1,1,1,1,1
14240,Washington,8,540,8,1,1,1,1,1,1,1,1,1,1,1,1,1,1,1,1,1,1,1,1,1
129909,Washington,9,1151,9,1,1,1,1,1,1,1,1,1,1,1,1,1,1,1,1,1,1,1,1,1
182849,Washington,10,2237,10,1,1,1,1,1,1,1,1,1,1,1,1,1,1,1,1,1,1,1,1,1
171252,Washington,11,3217,11,1,1,1,1,1,1,1,1,1,1,1,1,1,1,1,1,1,1,1,1,1
144455,Washington,12,3187,12,1,1,1,1,1,1,1,1,1,1,1,1,1,1,1,1,1,1,1,1,1
83475,Washington,13,1342,13,1,1,1,1,1,1,1,1,1,1,1,1,1,1,1,1,1,1,1,1,1
139505,Washington,14,1543,14,1,1,1,1,1,1,1,1,1,1,1,1,1,1,1,1,1,1,1,1,1
102216,Washington,15,1684,15,1,1,1,1,1,1,1,1,1,1,1,1,1,1,1,1,1,1,1,1,1
110831,Washington,16,1671,16,1,1,1,1,1,1,1,1,1,1,1,1,1,1,1,1,1,1,1,1,1
140119,Washington,17,1614,17,1,1,1,1,1,1,1,1,1,1,1,1,1,1,1,1,1,1,1,1,1
49436,Washington,18,977,18,1,1,1,1,1,1,1,1,1,1,1,1,1,1,1,1,1,1,1,1,1
31929,Washington,19,2084,19,1,1,1,1,1,1,1,1,1,1,1,1,1,1,1,1,1,1,1,1,1
1290,West Virginia,1,0,1,1,1,1,1,1,1,1,1,1,1,1,1,1,1,1,1,1,1,1,1,1
1364,West Virginia,2,0,2,1,1,1,1,1,1,1,1,1,1,1,1,1,1,1,1,1,1,1,1,1
1206,West Virginia,3,0,3,1,1,1,1,1,1,1,1,1,1,1,1,1,1,1,1,1,1,1,1,1
1172,West Virginia,4,0,4,1,1,1,1,1,1,1,1,1,1,1,1,1,1,1,1,1,1,1,1,1
1207,West Virginia,5,0,5,1,1,1,1,1,1,1,1,1,1,1,1,1,1,1,1,1,1,1,1,1
1108,West Virginia,6,0,6,1,1,1,1,1,1,1,1,1,1,1,1,1,1,1,1,1,1,1,1,1
1033,West Virginia,7,0,7,1,1,1,1,1,1,1,1,1,1,1,1,1,1,1,1,1,1,1,1,1
865,West Virginia,8,0,8,1,1,1,1,1,1,1,1,1,1,1,1,1,1,1,1,1,1,1,1,1
3536,West Virginia,9,12,9,1,1,1,1,1,1,1,1,1,1,1,1,1,1,1,1,1,1,1,1,1
14523,West Virginia,10,84,10,1,1,1,1,1,1,1,1,1,1,1,1,1,1,1,1,1,1,1,1,1
14494,West Virginia,11,186,11,1,1,1,1,1,1,1,1,1,1,1,1,1,1,1,1,1,1,1,1,1
14944,West Virginia,12,295,12,1,1,1,1,1,1,1,1,1,1,1,1,1,1,1,1,1,1,1,1,1
46755,West Virginia,13,208,13,1,1,1,1,1,1,1,1,1,1,1,1,1,1,1,1,1,1,1,1,1
29818,West Virginia,14,225,14,1,1,1,1,1,1,1,1,1,1,1,1,1,1,1,1,1,1,1,1,1
13227,West Virginia,15,175,15,1,1,1,1,1,1,1,1,1,1,1,1,1,1,1,1,1,1,1,1,1
6045,West Virginia,16,138,16,1,1,1,1,1,1,1,1,1,1,1,1,1,1,1,1,1,1,1,1,1
5026,West Virginia,17,147,17,1,1,1,1,1,1,1,1,1,1,1,1,1,1,1,1,1,1,1,1,1
4904,West Virginia,18,235,18,1,1,1,1,1,1,1,1,1,1,1,1,1,1,1,1,1,1,1,1,1
4685,West Virginia,19,284,19,1,1,1,1,1,1,1,1,1,1,1,1,1,1,1,1,1,1,1,1,1
6134,Wisconsin,1,0,1,1,1,1,1,1,1,1,1,1,1,1,1,1,1,1,1,1,1,1,1,1
6280,Wisconsin,2,0,2,1,1,1,1,1,1,1,1,1,1,1,1,1,1,1,1,1,1,1,1,1
6579,Wisconsin,3,0,3,1,1,1,1,1,1,1,1,1,1,1,1,1,1,1,1,1,1,1,1,1
5808,Wisconsin,4,0,4,1,1,1,1,1,1,1,1,1,1,1,1,1,1,1,1,1,1,1,1,1
6098,Wisconsin,5,0,5,1,1,1,1,1,1,1,1,1,1,1,1,1,1,1,1,1,1,1,1,1
5658,Wisconsin,6,0,6,1,1,1,1,1,1,1,1,1,1,1,1,1,1,1,1,1,1,1,1,1
5052,Wisconsin,7,0,7,1,1,1,1,1,1,1,1,1,1,1,1,1,1,1,1,1,1,1,1,1
5190,Wisconsin,8,27,8,1,1,1,1,1,1,1,1,1,1,1,1,1,1,1,1,1,1,1,1,1
51031,Wisconsin,9,255,9,1,1,1,1,1,1,1,1,1,1,1,1,1,1,1,1,1,1,1,1,1
110934,Wisconsin,10,773,10,1,1,1,1,1,1,1,1,1,1,1,1,1,1,1,1,1,1,1,1,1
104823,Wisconsin,11,975,11,1,1,1,1,1,1,1,1,1,1,1,1,1,1,1,1,1,1,1,1,1
70000,Wisconsin,12,1183,12,1,1,1,1,1,1,1,1,1,1,1,1,1,1,1,1,1,1,1,1,1
55883,Wisconsin,13,986,13,1,1,1,1,1,1,1,1,1,1,1,1,1,1,1,1,1,1,1,1,1
49993,Wisconsin,14,1488,14,1,1,1,1,1,1,1,1,1,1,1,1,1,1,1,1,1,1,1,1,1
37885,Wisconsin,15,1973,15,1,1,1,1,1,1,1,1,1,1,1,1,1,1,1,1,1,1,1,1,1
38710,Wisconsin,16,2279,16,1,1,1,1,1,1,1,1,1,1,1,1,1,1,1,1,1,1,1,1,1
31287,Wisconsin,17,2248,17,1,1,1,1,1,1,1,1,1,1,1,1,1,1,1,1,1,1,1,1,1
28967,Wisconsin,18,2690,18,1,1,1,1,1,1,1,1,1,1,1,1,1,1,1,1,1,1,1,1,1
24661,Wisconsin,19,3353,19,1,1,1,1,1,1,1,1,1,1,1,1,1,1,1,1,1,1,1,1,1
531,Wyoming,1,0,1,1,1,1,1,1,1,1,1,1,1,1,1,1,1,1,1,1,1,1,1,1
529,Wyoming,2,0,2,1,1,1,1,1,1,1,1,1,1,1,1,1,1,1,1,1,1,1,1,1
589,Wyoming,3,0,3,1,1,1,1,1,1,1,1,1,1,1,1,1,1,1,1,1,1,1,1,1
598,Wyoming,4,0,4,1,1,1,1,1,1,1,1,1,1,1,1,1,1,1,1,1,1,1,1,1
389,Wyoming,5,0,5,1,1,1,1,1,1,1,1,1,1,1,1,1,1,1,1,1,1,1,1,1
471,Wyoming,6,0,6,1,1,1,1,1,1,1,1,1,1,1,1,1,1,1,1,1,1,1,1,1
534,Wyoming,7,0,7,1,1,1,1,1,1,1,1,1,1,1,1,1,1,1,1,1,1,1,1,1
517,Wyoming,8,2,8,1,1,1,1,1,1,1,1,1,1,1,1,1,1,1,1,1,1,1,1,1
3653,Wyoming,9,21,9,1,1,1,1,1,1,1,1,1,1,1,1,1,1,1,1,1,1,1,1,1
6396,Wyoming,10,59,10,1,1,1,1,1,1,1,1,1,1,1,1,1,1,1,1,1,1,1,1,1
6543,Wyoming,11,105,11,1,1,1,1,1,1,1,1,1,1,1,1,1,1,1,1,1,1,1,1,1
5794,Wyoming,12,74,12,1,1,1,1,1,1,1,1,1,1,1,1,1,1,1,1,1,1,1,1,1
4381,Wyoming,13,48,13,1,1,1,1,1,1,1,1,1,1,1,1,1,1,1,1,1,1,1,1,1
3497,Wyoming,14,182,14,1,1,1,1,1,1,1,1,1,1,1,1,1,1,1,1,1,1,1,1,1
2854,Wyoming,15,88,15,1,1,1,1,1,1,1,1,1,1,1,1,1,1,1,1,1,1,1,1,1
3297,Wyoming,16,74,16,1,1,1,1,1,1,1,1,1,1,1,1,1,1,1,1,1,1,1,1,1
2303,Wyoming,17,88,17,1,1,1,1,1,1,1,1,1,1,1,1,1,1,1,1,1,1,1,1,1
2800,Wyoming,18,72,18,1,1,1,1,1,1,1,1,1,1,1,1,1,1,1,1,1,1,1,1,1
2421,Wyoming,19,85,19,1,1,1,1,1,1,1,1,1,1,1,1,1,1,1,1,1,1,1,1,1
